--
-- PostgreSQL database dump
--

\restrict ibPGg2lGONBJZoaah8YFPzPi5pi59vgDoPmx9X2RsX7X5deN4zRRrprKjNWBPEE

-- Dumped from database version 17.8 (ad62774)
-- Dumped by pg_dump version 18.3

SET statement_timeout = 0;
SET lock_timeout = 0;
SET idle_in_transaction_session_timeout = 0;
SET transaction_timeout = 0;
SET client_encoding = 'UTF8';
SET standard_conforming_strings = on;
SELECT pg_catalog.set_config('search_path', '', false);
SET check_function_bodies = false;
SET xmloption = content;
SET client_min_messages = warning;
SET row_security = off;

--
-- Name: drizzle; Type: SCHEMA; Schema: -; Owner: -
--

CREATE SCHEMA drizzle;


SET default_tablespace = '';

SET default_table_access_method = heap;

--
-- Name: __drizzle_migrations; Type: TABLE; Schema: drizzle; Owner: -
--

CREATE TABLE drizzle.__drizzle_migrations (
    id integer NOT NULL,
    hash text NOT NULL,
    created_at bigint
);


--
-- Name: __drizzle_migrations_id_seq; Type: SEQUENCE; Schema: drizzle; Owner: -
--

CREATE SEQUENCE drizzle.__drizzle_migrations_id_seq
    AS integer
    START WITH 1
    INCREMENT BY 1
    NO MINVALUE
    NO MAXVALUE
    CACHE 1;


--
-- Name: __drizzle_migrations_id_seq; Type: SEQUENCE OWNED BY; Schema: drizzle; Owner: -
--

ALTER SEQUENCE drizzle.__drizzle_migrations_id_seq OWNED BY drizzle.__drizzle_migrations.id;


--
-- Name: categories; Type: TABLE; Schema: public; Owner: -
--

CREATE TABLE public.categories (
    id uuid DEFAULT gen_random_uuid() NOT NULL,
    name text NOT NULL,
    description text,
    is_active boolean DEFAULT true NOT NULL,
    created_at timestamp with time zone DEFAULT now() NOT NULL,
    updated_at timestamp with time zone DEFAULT now() NOT NULL
);


--
-- Name: clients; Type: TABLE; Schema: public; Owner: -
--

CREATE TABLE public.clients (
    id uuid DEFAULT gen_random_uuid() NOT NULL,
    name text NOT NULL,
    phone text,
    address text,
    notes text,
    is_active boolean DEFAULT true NOT NULL,
    created_at timestamp without time zone DEFAULT now() NOT NULL,
    updated_at timestamp without time zone DEFAULT now() NOT NULL
);


--
-- Name: ingredients; Type: TABLE; Schema: public; Owner: -
--

CREATE TABLE public.ingredients (
    id uuid DEFAULT gen_random_uuid() NOT NULL,
    name text NOT NULL,
    description text,
    unit text NOT NULL,
    current_cost double precision NOT NULL,
    is_active boolean DEFAULT true NOT NULL,
    created_at timestamp with time zone DEFAULT now() NOT NULL,
    updated_at timestamp with time zone DEFAULT now() NOT NULL
);


--
-- Name: order_items; Type: TABLE; Schema: public; Owner: -
--

CREATE TABLE public.order_items (
    id uuid DEFAULT gen_random_uuid() NOT NULL,
    order_id uuid NOT NULL,
    product_id uuid NOT NULL,
    product_name_snapshot text NOT NULL,
    quantity double precision NOT NULL,
    unit_sale_price_snapshot double precision NOT NULL,
    unit_cost_snapshot double precision NOT NULL,
    line_subtotal double precision NOT NULL,
    created_at timestamp with time zone DEFAULT now() NOT NULL,
    updated_at timestamp with time zone DEFAULT now() NOT NULL
);


--
-- Name: orders; Type: TABLE; Schema: public; Owner: -
--

CREATE TABLE public.orders (
    id uuid DEFAULT gen_random_uuid() NOT NULL,
    client_id uuid,
    customer_name_snapshot text,
    status text NOT NULL,
    channel text NOT NULL,
    notes text,
    subtotal_amount double precision NOT NULL,
    discount_amount double precision DEFAULT 0 NOT NULL,
    total_amount double precision NOT NULL,
    is_active boolean DEFAULT true NOT NULL,
    created_at timestamp with time zone DEFAULT now() NOT NULL,
    updated_at timestamp with time zone DEFAULT now() NOT NULL,
    delivery_date timestamp with time zone,
    payment_method text DEFAULT 'cash'::text NOT NULL,
    is_paid boolean DEFAULT false NOT NULL,
    customer_phone_snapshot text,
    customer_address_snapshot text,
    delivery_shift text
);


--
-- Name: products; Type: TABLE; Schema: public; Owner: -
--

CREATE TABLE public.products (
    id uuid DEFAULT gen_random_uuid() NOT NULL,
    category_id uuid NOT NULL,
    name text NOT NULL,
    description text,
    kind text NOT NULL,
    unit_price double precision NOT NULL,
    half_dozen_price double precision,
    dozen_price double precision,
    direct_cost double precision,
    is_active boolean DEFAULT true NOT NULL,
    created_at timestamp with time zone DEFAULT now() NOT NULL,
    updated_at timestamp with time zone DEFAULT now() NOT NULL
);


--
-- Name: purchases; Type: TABLE; Schema: public; Owner: -
--

CREATE TABLE public.purchases (
    id uuid DEFAULT gen_random_uuid() NOT NULL,
    date text NOT NULL,
    type text NOT NULL,
    ingredient_id uuid,
    name_snapshot text NOT NULL,
    quantity double precision,
    unit text,
    unit_price double precision,
    total_amount double precision NOT NULL,
    supplier text,
    notes text,
    created_at timestamp with time zone DEFAULT now() NOT NULL,
    updated_at timestamp with time zone DEFAULT now() NOT NULL
);


--
-- Name: recipe_items; Type: TABLE; Schema: public; Owner: -
--

CREATE TABLE public.recipe_items (
    id uuid DEFAULT gen_random_uuid() NOT NULL,
    recipe_id uuid NOT NULL,
    ingredient_id uuid NOT NULL,
    quantity double precision NOT NULL,
    unit text NOT NULL,
    created_at timestamp with time zone DEFAULT now() NOT NULL,
    updated_at timestamp with time zone DEFAULT now() NOT NULL
);


--
-- Name: recipes; Type: TABLE; Schema: public; Owner: -
--

CREATE TABLE public.recipes (
    id uuid DEFAULT gen_random_uuid() NOT NULL,
    product_id uuid NOT NULL,
    yield_quantity double precision DEFAULT 1 NOT NULL,
    notes text,
    is_active boolean DEFAULT true NOT NULL,
    created_at timestamp with time zone DEFAULT now() NOT NULL,
    updated_at timestamp with time zone DEFAULT now() NOT NULL
);


--
-- Name: weekly_closures; Type: TABLE; Schema: public; Owner: -
--

CREATE TABLE public.weekly_closures (
    id uuid DEFAULT gen_random_uuid() NOT NULL,
    name text,
    start_date timestamp with time zone NOT NULL,
    end_date timestamp with time zone NOT NULL,
    status text DEFAULT 'open'::text NOT NULL,
    notes text,
    snapshot text,
    created_at timestamp with time zone DEFAULT now() NOT NULL,
    updated_at timestamp with time zone DEFAULT now() NOT NULL,
    closed_at timestamp with time zone
);


--
-- Name: __drizzle_migrations id; Type: DEFAULT; Schema: drizzle; Owner: -
--

ALTER TABLE ONLY drizzle.__drizzle_migrations ALTER COLUMN id SET DEFAULT nextval('drizzle.__drizzle_migrations_id_seq'::regclass);


--
-- Data for Name: __drizzle_migrations; Type: TABLE DATA; Schema: drizzle; Owner: -
--

COPY drizzle.__drizzle_migrations (id, hash, created_at) FROM stdin;
1	5da270264e9c824480ad6305795e680f9cd3c52ab8ce170089461e1ee4150507	1773668908150
\.


--
-- Data for Name: categories; Type: TABLE DATA; Schema: public; Owner: -
--

COPY public.categories (id, name, description, is_active, created_at, updated_at) FROM stdin;
8e47b194-6039-4a31-9adc-a8441d296fbd	Empanadas	Variedades tradicionales	t	2026-03-16 13:52:08.96928+00	2026-03-17 16:46:07.729+00
9361fa28-92fd-475f-977f-299fd33a3fb8	Empanadas especiales	Variedades no tradicionales	t	2026-03-17 16:46:33.492509+00	2026-03-17 16:46:33.492509+00
43ead129-ac57-4223-b02a-44a9a9c49a88	Bebidas	Linea Coca-Cola	f	2026-03-16 14:58:27.000754+00	2026-03-20 20:18:00.063+00
\.


--
-- Data for Name: clients; Type: TABLE DATA; Schema: public; Owner: -
--

COPY public.clients (id, name, phone, address, notes, is_active, created_at, updated_at) FROM stdin;
7e2e9a6e-c70a-4a12-94af-b97f567f2ff5	Te Pinta	3537303946	Alcorta 66	Cuenta principal del local	f	2026-03-18 21:28:22.418824	2026-03-18 21:37:39.743
e0ad61a0-2c08-459b-9251-1566c6e8980d	Abuela Berta	3537588458	Marcos Juarez 443	\N	t	2026-03-18 21:37:02.516097	2026-03-19 01:19:31.973
02c0c6e5-cc45-46c6-8be6-9fc027866daa	Lucía Samman	3537606880	Marcos Juarez 443	\N	t	2026-03-19 01:19:50.87666	2026-03-19 01:19:50.87666
bbee196b-1ca6-4526-883b-fcd9f58d0601	Mari	3537603294	Eva Perón 300	\N	t	2026-03-21 18:44:49.750746	2026-03-21 18:44:49.750746
8aea1086-2ff2-40b2-a0a7-e560384c3cc5	Edelma	\N	\N	\N	t	2026-03-21 18:51:45.907999	2026-03-21 18:51:45.907999
6f45b7f1-bc62-49a2-a4e7-7b4f0d9caff3	Empleado El Coyote	\N	Alcorta 60	\N	t	2026-03-21 21:59:00.706314	2026-03-21 21:59:00.706314
a56bfc05-daae-4d3e-bd79-24d033ff346c	Nicolas Ramazzoti	3537325821	Tacuarí 59	\N	t	2026-03-21 22:00:26.553163	2026-03-21 22:00:26.553163
eff142ee-da2d-4e7e-8b5d-d14243bf93ec	Flama	3515338388	Córdoba	\N	t	2026-03-21 22:15:01.388371	2026-03-21 22:15:01.388371
8e6c05c8-ada2-452e-a69a-c87c381900ff	Tío Nelson	\N	\N	\N	t	2026-03-22 14:24:09.906229	2026-03-22 14:24:09.906229
5d4ba1d3-7034-4870-b1d8-60926a08c2ee	Arduino	3537667107	\N	\N	t	2026-03-22 14:26:11.606378	2026-03-22 14:26:11.606378
22447825-6746-4a18-b7c9-d7d5a0cd345a	Papá Eze	\N	\N	\N	t	2026-03-22 14:27:40.680246	2026-03-22 14:27:40.680246
3ed5ff1c-e15d-441c-8619-af7f8c3d96d4	Aldair	\N	\N	\N	t	2026-03-22 14:28:19.900187	2026-03-22 14:28:19.900187
18449881-0b40-48bd-a784-92e95eb6ca9d	Graciela Quiroga	\N	\N	\N	t	2026-03-22 19:03:19.711396	2026-03-22 19:03:19.711396
09aa86e7-5f80-4539-879d-ec97c2d09fdc	Federico Arias	3517 05-3689	\N	\N	t	2026-03-25 17:59:07.909662	2026-03-25 17:59:07.909662
2f07784c-5371-4465-8a0f-ebfbe5273a0f	Horacio Stanfield	3537319816	Dean Funes 282	\N	t	2026-03-27 12:31:39.228834	2026-03-27 12:31:39.228834
369738bb-14f8-430a-b5fd-52f2790770fb	Laura Maldonado	\N	\N	\N	t	2026-03-27 12:32:47.08625	2026-03-27 12:32:47.08625
9edf195d-1e96-4259-b5a2-3fcd515badc0	Griselda Pepicelli	3537592501	\N	\N	t	2026-03-27 12:33:50.38696	2026-03-27 12:33:50.38696
befed8ad-cd75-4bf8-bece-9038f2aa0630	Pousa	\N	\N	\N	t	2026-03-27 12:34:19.22857	2026-03-27 12:34:19.22857
9df25628-ee37-4e5e-ad99-6ba40b014218	Zulema	\N	Int. da Silva 764	\N	t	2026-03-27 13:26:38.632735	2026-03-27 13:26:38.632735
ca0f0227-fad2-43f9-8009-14f9389bf4c3	Marisol	\N	Alcorta 180	\N	t	2026-03-27 20:39:00.411104	2026-03-27 20:39:00.411104
eabe9e6b-865e-49bc-be82-22b65eb550ce	Susana	3537584063	Matterson 772	\N	t	2026-03-28 03:25:59.711267	2026-03-28 03:25:59.711267
b2b11576-a478-4f6a-8272-c0e0644cebd9	Alicia	3537442686	Vieytes 134	\N	t	2026-03-28 18:21:03.854493	2026-03-28 18:21:03.854493
5a0b4b1d-10be-4b69-a91d-016239e34169	Maríamelia Chiappero	\N	\N	\N	t	2026-03-28 22:05:48.038771	2026-03-28 22:05:48.038771
27f6fda4-a85c-488b-b053-1e2cb0e4c05e	Vale Vasquez	\N	\N	\N	t	2026-04-02 01:45:11.371096	2026-04-02 01:45:11.371096
26f329a5-df7f-49aa-bbba-8a2081b53466	Luz Bello	\N	\N	\N	t	2026-04-02 01:47:38.038502	2026-04-02 01:47:38.038502
2e93493e-784d-4e2e-8956-86c5b6774f2a	Claudia Antonelli	\N	\N	\N	t	2026-04-02 01:48:50.339937	2026-04-02 01:48:50.339937
232c8765-08a7-4a79-903b-3a3c2dd9a7c1	Nacho Oliva	\N	\N	\N	t	2026-04-02 01:50:29.885625	2026-04-02 01:50:29.885625
d1917495-8c22-4083-b078-9d69877ffcfb	Pini	3517026569	Gral Paz	\N	t	2026-04-02 01:52:22.418078	2026-04-02 01:52:22.418078
c9095480-85d0-48c2-a916-10a42b644f42	Margarita	3537326090	\N	\N	t	2026-04-02 01:53:51.027687	2026-04-02 01:53:51.027687
2bf3575b-6306-49b4-a8b6-450ec8a5be50	Cristina	\N	\N	\N	t	2026-04-02 01:55:59.462198	2026-04-02 01:55:59.462198
358e4d28-3216-4d36-9c47-6aa21a01ee9b	Mabel	\N	Constitución 187	\N	t	2026-04-02 01:56:40.149989	2026-04-02 01:56:40.149989
7a8ee74e-17ec-4a43-83e9-d1dfc9ab6a2d	Noelia	\N	Julian paz 796	\N	t	2026-04-02 01:57:44.887307	2026-04-02 01:57:44.887307
0929f25d-6502-488c-9464-fa3689629aa7	Adriana	\N	\N	\N	t	2026-04-02 02:00:16.128836	2026-04-02 02:00:16.128836
978523f6-fff5-460b-95cf-39097eebfacc	Elvira Merino	3537664408	Irigoyen 626	\N	t	2026-04-02 05:04:38.110475	2026-04-02 05:04:38.110475
7a5aade6-35b2-4d68-be3d-b93177e4e1f4	Martin Casas	\N	\N	\N	t	2026-04-02 05:16:54.538014	2026-04-02 05:16:54.538014
216dbd7e-ad7c-4a9d-b9ad-7a97c40a5253	Titina Roja	\N	Italia 198	\N	t	2026-04-02 14:09:46.539623	2026-04-02 14:09:46.539623
963bfccc-4903-41c9-a2b3-213af83efa03	Chochita	\N	\N	\N	t	2026-04-02 14:10:29.622655	2026-04-02 14:10:29.622655
62a69a51-7d20-4871-809a-557c3e75b50b	Laurita	\N	\N	\N	t	2026-04-02 14:38:18.645611	2026-04-02 14:38:18.645611
ed425609-708a-48b3-9b92-15a9febd9025	Magda Romero	\N	\N	\N	t	2026-04-02 14:43:54.163496	2026-04-02 14:43:54.163496
44433831-7614-49b6-8fa6-cf197e736509	Eze Cuate	3537606366	Alem 39	\N	t	2026-04-02 16:55:33.571327	2026-04-02 16:55:33.571327
61bd252b-c148-403e-899d-0f31bed38709	Flor Maldonado	\N	\N	\N	t	2026-04-02 17:41:39.011948	2026-04-02 17:41:39.011948
afc44a80-eb3e-4e63-8925-9435956b8a96	Papá Roberto	\N	\N	\N	t	2026-04-04 15:55:20.412981	2026-04-04 15:55:20.412981
33e55a41-ae9e-42d8-86e7-fff1d0c51ee5	Emi Valfre	3537330287	\N	\N	t	2026-04-09 22:26:45.733321	2026-04-09 22:26:45.733321
41234231-d688-4f6d-898d-c339a8f1bb1f	Myriam Galanti	3537443423	Brasil 120	\N	t	2026-04-10 20:58:08.067169	2026-04-10 20:58:08.067169
ef1829e3-d3c5-4107-a605-429985914389	Pau Tazzioli	\N	Lion Tech	\N	t	2026-04-11 16:57:43.329633	2026-04-11 16:57:43.329633
78a62153-ff55-42a1-973f-a947e88c19e9	Damian Macchi	3516536051	\N	\N	t	2026-04-11 17:03:43.738322	2026-04-11 17:03:43.738322
dabb485f-956f-4bd3-8a49-c666721708f7	Vanesa Molinero	\N	Marmol 1081	\N	t	2026-04-18 14:50:24.570347	2026-04-18 14:50:24.570347
e31761ab-b2be-4861-a67f-bd9b4a021019	Varatto	\N	\N	\N	t	2026-04-18 23:45:59.878991	2026-04-18 23:45:59.878991
b37057f0-f13a-48de-89c9-c7bec79fb297	Maria Contrera	\N	\N	\N	t	2026-04-18 23:46:32.211282	2026-04-18 23:46:32.211282
aaa7b5c6-f6df-4406-9a62-1059453d38e5	Fabi	\N	\N	\N	t	2026-04-21 23:28:50.832652	2026-04-21 23:28:50.832652
1ce9f380-282e-489f-9afa-a3bd940ac583	Laura Goffre	\N	\N	\N	t	2026-04-22 15:56:02.916976	2026-04-22 15:56:02.916976
29effd22-3d2e-48c5-a2f2-fe29e3614ee1	Jorge Cittadini	3537599187	\N	\N	t	2026-04-22 16:01:09.950538	2026-04-22 16:01:09.950538
7cacd85d-41a4-418e-9ec6-8de5f3b76f04	Ale samman	\N	\N	\N	t	2026-04-24 16:23:37.367055	2026-04-24 16:23:37.367055
18ed44f1-b8a6-4fff-b9d5-daf097639b61	Mari Crepin	3537653305	Garay 567	\N	t	2026-04-25 15:33:55.809856	2026-04-25 15:33:55.809856
b735bf83-f992-485a-a570-7cf8e45b8546	De Pauli	\N	\N	\N	t	2026-04-25 19:48:29.282453	2026-04-25 19:48:29.282453
b234822e-6fff-483e-8c83-00812c8a1270	Claudia	\N	Matterson 702	\N	t	2026-04-26 03:12:45.680766	2026-04-26 03:12:45.680766
ebf952c8-e9f9-4feb-8c97-6a12acf00fe8	Nicolas Hernan	3571328004	Vieytes 382	\N	t	2026-04-26 16:20:37.865736	2026-04-26 16:20:37.865736
3247b045-2753-4b10-b956-e02b9c8552b5	Patricia calvente	3537302110	Matterson 702	\N	t	2026-04-26 16:23:32.210092	2026-04-26 16:23:32.210092
141c92b4-f7f6-4929-aca9-7f1f1eb51a3e	Esteban Aguirre	\N	\N	\N	t	2026-04-27 00:25:58.628823	2026-04-27 00:25:58.628823
43f504b2-80f0-423b-9f3b-146b6a734ee3	Luciano Di Bartolo	3537443798	Rivadavia 762	\N	t	2026-04-24 15:34:20.348577	2026-04-30 00:40:30.781
b89f0597-f9ca-4c83-bfa3-37760e21f118	Chipi	3537331034	Rivadavia	\N	t	2026-04-30 00:41:59.597815	2026-04-30 00:41:59.597815
85265480-4edc-4301-8c93-856319fa4a93	Lucho Ferraro	\N	\N	\N	t	2026-04-30 15:23:00.662789	2026-04-30 15:23:00.662789
e542836d-bf66-47ce-9ee0-78035b55bf5f	Lily	\N	\N	\N	t	2026-04-30 16:48:38.127119	2026-04-30 16:48:38.127119
320fab1a-40f6-47db-9081-c81af4926a5d	Julio	\N	Bv Ascasubi 503	\N	t	2026-04-30 16:51:50.924768	2026-04-30 16:51:50.924768
9be2b836-b32c-4cee-b4e3-47ceadcf21ba	Olga Albera	\N	\N	\N	t	2026-04-30 18:29:18.863819	2026-04-30 18:29:18.863819
e1b1026f-c000-44d2-ba58-a98103658c2e	Fermin Gomez	3537663328	Guillermo Roldán 1248	\N	t	2026-05-02 14:29:39.872502	2026-05-02 14:29:39.872502
e4d97e61-7078-427c-b7f0-c6df7186385c	Juli celi	\N	\N	\N	t	2026-05-02 18:45:05.558287	2026-05-02 18:45:05.558287
4b7d749b-f8c7-44bc-9be8-01243432d280	Dani cachin	3537300649	Faustino molina 379	\N	t	2026-05-02 18:47:53.844746	2026-05-02 18:47:53.844746
d8fead9f-3702-49f0-8389-19f997d7e665	Bruno	\N	\N	\N	t	2026-05-03 20:44:45.67444	2026-05-03 20:44:45.67444
56187386-a05f-4f4d-b74b-65cb1afdeab5	Dany	3585619941	\N	\N	t	2026-05-08 04:01:57.744753	2026-05-08 04:01:57.744753
0a2d108e-27af-41d6-ba88-25ab9426320f	Marta Avaro	3537300127	Belgrano 624	\N	t	2026-05-08 04:08:13.537226	2026-05-08 04:08:13.537226
\.


--
-- Data for Name: ingredients; Type: TABLE DATA; Schema: public; Owner: -
--

COPY public.ingredients (id, name, description, unit, current_cost, is_active, created_at, updated_at) FROM stdin;
83d8bf33-978d-4308-a285-77e7d3c4c37f	Zapallo	para locro, dulce	kg	1700	t	2026-03-21 21:55:13.492644+00	2026-04-03 16:19:43.742+00
d64050ac-1ac3-45a2-b6da-d3ff1db3d02d	Cebolla	Bolsa grande	kg	600	t	2026-03-16 15:07:27.687678+00	2026-03-17 16:47:08.382+00
bfc2cfc4-1205-45ee-8c1e-7e2b8f726170	Grasa vacuna	Caja 10 kg	kg	2250	t	2026-03-16 15:06:49.310731+00	2026-03-17 16:47:13.761+00
b90b4aae-212a-42fb-a8ff-2b46f766f481	Puerro	\N	kg	8000	t	2026-03-21 21:52:51.654735+00	2026-04-03 16:19:52.774+00
576fab02-2296-4b82-b564-ca4622714a23	Lata Atún	\N	unit	1500	t	2026-04-02 01:39:42.697101+00	2026-04-03 16:20:47.274+00
c47125ea-89fd-44fe-8f97-2eccfaafd354	Lata Atún Premium	\N	unit	2800	t	2026-04-02 01:39:56.866027+00	2026-04-03 16:20:58.759+00
d8ef6d68-28ee-4029-82be-5268952ab73c	Champiñones	Bandeja de 200gr	unit	3500	t	2026-03-21 21:54:36.529768+00	2026-04-03 16:22:32.09+00
26cdc5e8-0001-43d9-be87-35cc4e81ef60	Pimentón	Condimento "ATOCHA"	kg	6448	t	2026-03-21 21:56:26.826485+00	2026-03-21 21:57:53.334+00
a016440d-dc84-478b-88d5-1f84bfbfddd9	Comino	Condimento "ATOCHA"	kg	7700	t	2026-03-21 21:56:35.257133+00	2026-03-21 21:58:08.081+00
9d73ec72-12d2-4837-a41c-d458a1baa90e	Tomate Perita	\N	kg	2500	t	2026-03-21 21:52:12.937372+00	2026-03-22 14:32:13.349+00
1e54b9f2-27e2-4351-84b0-4df724967c80	Papa	\N	kg	1200	t	2026-03-21 21:52:27.090999+00	2026-03-22 14:32:40.469+00
a6698fbc-7fce-4dc9-b740-5aa8ad5fc593	Caja delivery	\N	unit	290	f	2026-03-22 17:52:13.350128+00	2026-03-22 17:52:49.707+00
6bd30755-fb93-436d-b518-c0c9d30de151	Queso Crema	\N	kg	8000	t	2026-03-22 18:56:42.990234+00	2026-03-22 18:56:58.263+00
a7324d72-c5e0-48bc-866d-6863ea05711b	Pasas de uvas	\N	kg	7396	t	2026-03-22 18:54:04.780815+00	2026-04-02 01:38:08.581+00
282be160-62c1-4858-870d-385c062a11fb	Champiñones en Lata	\N	kg	11000	t	2026-04-02 01:39:30.538442+00	2026-04-02 01:40:42.315+00
9b3627dd-2731-4425-9f38-a6ea60b8b3f0	Aceitunas	En rodajas	kg	10500	t	2026-03-22 18:52:56.041965+00	2026-04-02 01:41:19.761+00
0be236ff-8db0-4ee9-a8e1-70a362150b3f	Paleta Jamonada	\N	kg	7500	t	2026-03-22 18:58:24.984953+00	2026-04-02 01:41:56.363+00
bdf9cc5d-97b1-455e-af24-809ff518d776	Pimiento Rojo	\N	kg	3500	t	2026-03-21 21:53:00.500826+00	2026-04-02 01:42:31.387+00
667075be-ccfd-477d-8290-447efcb421b5	Cebolla de Verdeo	\N	kg	9000	t	2026-03-21 21:52:40.625168+00	2026-04-02 01:42:54.7+00
746b4cb6-858f-4082-95cb-8e45de0e72e6	Roast Beef	Carne por kilogramo	kg	15000	t	2026-03-16 15:02:48.000002+00	2026-04-02 01:43:51.861+00
1d75cf84-90c5-46f0-aef3-0ab521677f01	Marucha deshuesada	Carne por kilogramo	kg	16000	t	2026-03-16 15:04:20.150114+00	2026-04-02 01:44:04.826+00
e542cf13-4ada-4516-b857-b2d0f4ed1c1f	Mozzarella Lombarde	En barra (horma)	kg	8160	t	2026-03-21 21:50:40.008648+00	2026-04-03 16:15:36.099+00
1e481ce3-4fe9-4d1d-827f-23b547b724ac	Tapas de empanadas (x12)	Paquete por 12 unidades	unit	1451	t	2026-03-16 15:02:13.374445+00	2026-04-03 16:17:32.999+00
b851bf49-5cfd-4523-81bd-0a4c08726bd2	Huevos (unitario)	Maple de huevos grandes, 2x$15.000	unit	210	t	2026-03-22 14:35:05.859766+00	2026-04-03 16:18:09.632+00
1d7694fe-6f81-4b3f-8521-9616363c05e9	Choclo	mantecoso, con chala	unit	900	t	2026-03-21 21:55:35.224575+00	2026-04-03 16:19:05.312+00
\.


--
-- Data for Name: order_items; Type: TABLE DATA; Schema: public; Owner: -
--

COPY public.order_items (id, order_id, product_id, product_name_snapshot, quantity, unit_sale_price_snapshot, unit_cost_snapshot, line_subtotal, created_at, updated_at) FROM stdin;
ec532b38-96fb-4337-b2f3-69e817425260	14e22565-9204-460d-94d1-56c9e8f9547d	186f546e-2e29-4953-ac60-54f56e466703	Hongos	8	1287.5	692.375	10300	2026-04-02 04:55:52.779403+00	2026-04-02 04:55:52.779403+00
db6456e8-df9d-4c5f-ba13-2513500fd96f	14e22565-9204-460d-94d1-56c9e8f9547d	c6b463d1-caf5-4469-84ff-4f510886bc64	Humita	8	1350	508.1233333333333	10800	2026-04-02 04:55:52.779403+00	2026-04-02 04:55:52.779403+00
4970ab59-b79e-40cd-a92f-bc3e5c73f7fa	14e22565-9204-460d-94d1-56c9e8f9547d	7ed421bc-a864-4316-ad3b-ed0106ba81ac	Atún	8	1375	472.5833333333333	11000	2026-04-02 04:55:52.779403+00	2026-04-02 04:55:52.779403+00
adcd16ee-112a-45e6-a60e-be0e4b28922f	14e22565-9204-460d-94d1-56c9e8f9547d	b79541a1-4e87-4cd2-9dbf-e4e1eda6d266	Salteña	12	1291.6666666666667	895.875	15500	2026-04-02 04:55:52.779403+00	2026-04-02 04:55:52.779403+00
6140a336-4e17-462d-8b29-9545df885f89	b725142b-95e4-4bf0-9f07-36ab3e09780a	b79541a1-4e87-4cd2-9dbf-e4e1eda6d266	Salteña	12	1291.6666666666667	687.6875	15500	2026-03-22 14:27:41.37241+00	2026-03-22 14:27:41.37241+00
802b00fc-fe60-4a14-a574-a2c61dc260b1	a24dde52-b52a-4d20-8e4a-c68d6e9808f9	c6b463d1-caf5-4469-84ff-4f510886bc64	Humita	3	1400	120.91666666666667	4200	2026-03-19 01:24:31.77375+00	2026-03-19 01:24:31.77375+00
f4bf485a-ae69-4c30-80fa-ee1b8b73aba5	a24dde52-b52a-4d20-8e4a-c68d6e9808f9	01551ba9-ce70-471c-b3c9-e1ec57202ca1	Criolla dulce	3	1400	671.125	4200	2026-03-19 01:24:31.77375+00	2026-03-19 01:24:31.77375+00
7ec02bb7-0337-4fd3-a4fc-d23243ab4f61	a24dde52-b52a-4d20-8e4a-c68d6e9808f9	b79541a1-4e87-4cd2-9dbf-e4e1eda6d266	Salteña	3	1500	687.6875	4500	2026-03-19 01:24:31.77375+00	2026-03-19 01:24:31.77375+00
02e6164b-8ec2-441e-be5b-bc79588fd2e6	a24dde52-b52a-4d20-8e4a-c68d6e9808f9	186f546e-2e29-4953-ac60-54f56e466703	Hongos	3	1400	120.91666666666667	4200	2026-03-19 01:24:31.77375+00	2026-03-19 01:24:31.77375+00
a5c6a01d-8456-41d1-ba67-833184ccd9ff	e94247da-6ba7-4bfe-833a-57b17e818b7c	01551ba9-ce70-471c-b3c9-e1ec57202ca1	Criolla dulce	4	1400	816.6216666666666	5600	2026-03-22 19:02:47.393144+00	2026-03-22 19:02:47.393144+00
9ef117b8-ea1a-449d-b5ec-6d3282cb7acc	e94247da-6ba7-4bfe-833a-57b17e818b7c	c6b463d1-caf5-4469-84ff-4f510886bc64	Humita	4	1400	508.1233333333333	5600	2026-03-22 19:02:47.393144+00	2026-03-22 19:02:47.393144+00
e15d5aec-0c59-4af1-8ae8-cef8b957c1d1	98fae4d2-19f8-40db-a46b-e3ca43a0f945	b79541a1-4e87-4cd2-9dbf-e4e1eda6d266	Salteña	6	1416.6666666666667	687.6875	8500	2026-03-20 13:36:24.940318+00	2026-03-20 13:36:24.940318+00
03cdf5c3-5608-4c8b-ba44-b8b19df3e3d8	98fae4d2-19f8-40db-a46b-e3ca43a0f945	dfa6870a-c1c9-4df2-8b63-2c31e2123b0a	Jamón y Queso	6	1250	120.91666666666667	7500	2026-03-20 13:36:24.940318+00	2026-03-20 13:36:24.940318+00
86d2ef07-ce34-4776-b1f0-fd1a90b78343	e94247da-6ba7-4bfe-833a-57b17e818b7c	186f546e-2e29-4953-ac60-54f56e466703	Hongos	4	1400	692.375	5600	2026-03-22 19:02:47.393144+00	2026-03-22 19:02:47.393144+00
bf45a73b-2789-4a34-8cae-767faab6bd17	6989e28a-533e-49ec-8f12-acfedd79eb10	c6b463d1-caf5-4469-84ff-4f510886bc64	Humita	6	1333.3333333333333	508.1233333333333	8000	2026-03-22 19:03:20.549555+00	2026-03-22 19:03:20.549555+00
8fae46db-1598-41b3-870f-88ca2e7c90c6	74d51569-b2fd-4071-8b4a-fd341f6a5cc7	186f546e-2e29-4953-ac60-54f56e466703	Hongos	6	1250	120.91666666666667	7500	2026-03-20 13:38:27.390767+00	2026-03-20 13:38:27.390767+00
b8ab0eaf-aa95-40bc-a768-3b98b72b4565	74d51569-b2fd-4071-8b4a-fd341f6a5cc7	b79541a1-4e87-4cd2-9dbf-e4e1eda6d266	Salteña	6	1416.6666666666667	687.6875	8500	2026-03-20 13:38:27.390767+00	2026-03-20 13:38:27.390767+00
504c9d42-9690-49d4-9245-321ce7e44763	280add96-9e04-4a96-b242-b72f9eaa72cc	c6b463d1-caf5-4469-84ff-4f510886bc64	Humita	3	1400	508.1233333333333	4200	2026-03-22 19:06:54.947104+00	2026-03-22 19:06:54.947104+00
4b9feeec-2a6c-42e7-a523-a7d9328e4a8c	280add96-9e04-4a96-b242-b72f9eaa72cc	dfa6870a-c1c9-4df2-8b63-2c31e2123b0a	Jamón y Queso	3	1200	529.0833333333334	3600	2026-03-22 19:06:54.947104+00	2026-03-22 19:06:54.947104+00
f42da02e-81a0-4aef-bd4c-abfefb361c78	280add96-9e04-4a96-b242-b72f9eaa72cc	01551ba9-ce70-471c-b3c9-e1ec57202ca1	Criolla dulce	3	1400	816.6216666666666	4200	2026-03-22 19:06:54.947104+00	2026-03-22 19:06:54.947104+00
0e131a6d-0490-44b8-ad94-10ea4cbcf361	280add96-9e04-4a96-b242-b72f9eaa72cc	b79541a1-4e87-4cd2-9dbf-e4e1eda6d266	Salteña	3	1500	883.375	4500	2026-03-22 19:06:54.947104+00	2026-03-22 19:06:54.947104+00
5d5d3330-d132-4fed-a2af-75aae16f9bf4	b770c3f1-3266-417d-9256-c70416f30eda	01551ba9-ce70-471c-b3c9-e1ec57202ca1	Criolla dulce	6	1333.3333333333333	816.6216666666666	8000	2026-03-22 21:14:54.236681+00	2026-03-22 21:14:54.236681+00
c39806d1-bf21-4b9d-be8d-80d2c0515b4f	b770c3f1-3266-417d-9256-c70416f30eda	c6b463d1-caf5-4469-84ff-4f510886bc64	Humita	6	1333.3333333333333	508.1233333333333	8000	2026-03-22 21:14:54.236681+00	2026-03-22 21:14:54.236681+00
54d9a267-07c1-4f5b-93ee-8ec50ec12e7f	06b0e114-e48f-48c1-a62e-b1ac7f5c161a	dfa6870a-c1c9-4df2-8b63-2c31e2123b0a	Jamón y Queso	12	1166.6666666666667	120.91666666666667	14000	2026-03-20 13:47:41.838933+00	2026-03-20 13:47:41.838933+00
8f4b6cb6-212c-41f5-a6cc-c8cd8a62ea80	06b0e114-e48f-48c1-a62e-b1ac7f5c161a	01551ba9-ce70-471c-b3c9-e1ec57202ca1	Criolla dulce	12	1250	671.125	15000	2026-03-20 13:47:41.838933+00	2026-03-20 13:47:41.838933+00
eec35e16-edeb-4bba-b289-5bc066e25f27	06b0e114-e48f-48c1-a62e-b1ac7f5c161a	b79541a1-4e87-4cd2-9dbf-e4e1eda6d266	Salteña	12	1291.6666666666667	687.6875	15500	2026-03-20 13:47:41.838933+00	2026-03-20 13:47:41.838933+00
7ca517b4-d6f2-40d6-bfee-52a898530176	4c87943c-4331-4b3c-b0fc-fab44b8a7df6	01551ba9-ce70-471c-b3c9-e1ec57202ca1	Criolla dulce	12	1250	816.6216666666666	15000	2026-03-22 21:15:12.288054+00	2026-03-22 21:15:12.288054+00
b4726197-2025-4203-a422-c584c68267d7	4c87943c-4331-4b3c-b0fc-fab44b8a7df6	dfa6870a-c1c9-4df2-8b63-2c31e2123b0a	Jamón y Queso	6	1250	529.0833333333334	7500	2026-03-22 21:15:12.288054+00	2026-03-22 21:15:12.288054+00
01b92533-5983-4729-a949-56e83cfb1ef4	7e041e49-ff0c-4d67-b8b3-ee621032c1d0	b79541a1-4e87-4cd2-9dbf-e4e1eda6d266	Salteña	18	1333.3333333333333	687.6875	24000	2026-03-20 16:48:55.099232+00	2026-03-20 16:48:55.099232+00
7ba887d6-5fcb-4f10-8cff-cbbd125dfd78	7e041e49-ff0c-4d67-b8b3-ee621032c1d0	dfa6870a-c1c9-4df2-8b63-2c31e2123b0a	Jamón y Queso	12	1166.6666666666667	120.91666666666667	14000	2026-03-20 16:48:55.099232+00	2026-03-20 16:48:55.099232+00
8da682ef-88e0-4077-abae-598347e08c6c	7e041e49-ff0c-4d67-b8b3-ee621032c1d0	186f546e-2e29-4953-ac60-54f56e466703	Hongos	6	1250	120.91666666666667	7500	2026-03-20 16:48:55.099232+00	2026-03-20 16:48:55.099232+00
03e284a6-8da4-4b24-80de-13011c3a5406	eb6a167b-097b-42bd-a7fd-f9555c3d4c63	01551ba9-ce70-471c-b3c9-e1ec57202ca1	Criolla dulce	12	1250	687.7916666666666	15000	2026-03-20 18:15:35.590411+00	2026-03-20 18:15:35.590411+00
a34912de-5686-4b83-8f4d-abf14ff7523a	eb6a167b-097b-42bd-a7fd-f9555c3d4c63	186f546e-2e29-4953-ac60-54f56e466703	Hongos	12	1208.3333333333333	120.91666666666667	14500	2026-03-20 18:15:35.590411+00	2026-03-20 18:15:35.590411+00
31861dc4-a40e-4679-94ab-fc7c9b096e04	8764d4a0-0f98-4cfe-8f53-84d8add78d75	186f546e-2e29-4953-ac60-54f56e466703	Hongos	12	1208.3333333333333	120.91666666666667	14500	2026-03-21 12:33:48.650452+00	2026-03-21 12:33:48.650452+00
bc29f9a7-b779-4450-afb8-a1086f371871	dfc4680a-d902-4249-b53b-589ea9b0e75d	01551ba9-ce70-471c-b3c9-e1ec57202ca1	Criolla dulce	12	1250	687.7916666666666	15000	2026-03-21 12:34:37.842636+00	2026-03-21 12:34:37.842636+00
67ded9d0-609b-4bb3-95ee-f8428fb515e9	b472dd27-4eab-42d0-b0c0-ddffb8340742	dfa6870a-c1c9-4df2-8b63-2c31e2123b0a	Jamón y Queso	24	1166.6666666666667	529.0833333333334	28000	2026-03-23 19:43:11.171777+00	2026-03-23 19:43:11.171777+00
057a2113-727b-4f19-b583-3f503615a807	2ca3349e-5b66-4c35-adeb-273bfcea92d4	186f546e-2e29-4953-ac60-54f56e466703	Hongos	6	1250	120.91666666666667	7500	2026-03-18 17:53:45.31953+00	2026-03-18 17:53:45.31953+00
a2ebc86d-508b-43d0-967f-9a16b42af61b	2ca3349e-5b66-4c35-adeb-273bfcea92d4	c6b463d1-caf5-4469-84ff-4f510886bc64	Humita	6	1333.3333333333333	120.91666666666667	8000	2026-03-18 17:53:45.31953+00	2026-03-18 17:53:45.31953+00
154efe1b-264c-4eaf-b9b7-2857a1a3d5c8	fc54706d-6b19-4ee8-92d5-da620df7f230	186f546e-2e29-4953-ac60-54f56e466703	Hongos	6	1250	120.91666666666667	7500	2026-03-18 17:54:51.147336+00	2026-03-18 17:54:51.147336+00
faf5426a-a198-4ecd-8f16-569ef66ce1d3	fc54706d-6b19-4ee8-92d5-da620df7f230	dfa6870a-c1c9-4df2-8b63-2c31e2123b0a	Jamón y Queso	6	1250	120.91666666666667	7500	2026-03-18 17:54:51.147336+00	2026-03-18 17:54:51.147336+00
2b89dc99-e820-408f-a599-9b14b0faa121	5b3ede23-5956-46bf-9e0c-8d44f1797358	01551ba9-ce70-471c-b3c9-e1ec57202ca1	Criolla dulce	6	1333.3333333333333	671.125	8000	2026-03-18 17:55:53.605887+00	2026-03-18 17:55:53.605887+00
9caa30f0-1658-4ed5-b2da-cfa263097aa0	5b3ede23-5956-46bf-9e0c-8d44f1797358	b79541a1-4e87-4cd2-9dbf-e4e1eda6d266	Salteña	6	1416.6666666666667	711.125	8500	2026-03-18 17:55:53.605887+00	2026-03-18 17:55:53.605887+00
0e2d4aa1-636c-4cde-aeb5-d90359fbd389	7d71d565-8bcd-4a3e-9cf8-bc6e65c842a2	dfa6870a-c1c9-4df2-8b63-2c31e2123b0a	Jamón y Queso	6	1250	529.0833333333334	7500	2026-03-25 17:59:30.900623+00	2026-03-25 17:59:30.900623+00
dd48c318-75ef-4e64-b3f5-4af5a2cd6ad6	7d71d565-8bcd-4a3e-9cf8-bc6e65c842a2	01551ba9-ce70-471c-b3c9-e1ec57202ca1	Criolla dulce	6	1333.3333333333333	816.6216666666666	8000	2026-03-25 17:59:30.900623+00	2026-03-25 17:59:30.900623+00
eb565d40-2982-4af8-a41e-a0eb89802c0e	7d71d565-8bcd-4a3e-9cf8-bc6e65c842a2	b79541a1-4e87-4cd2-9dbf-e4e1eda6d266	Salteña	12	1291.6666666666667	883.375	15500	2026-03-25 17:59:30.900623+00	2026-03-25 17:59:30.900623+00
504f760f-3c8d-44c3-8bb1-babcff905303	67e1d4b9-a6c0-47f9-92ff-a29149f7a4ab	01551ba9-ce70-471c-b3c9-e1ec57202ca1	Criolla dulce	12	1250	816.6216666666666	15000	2026-03-27 12:31:40.206615+00	2026-03-27 12:31:40.206615+00
01a9332f-185c-4f64-8c63-021ba41eba49	32d7a54e-4f0c-4948-94e7-d4175c065f1b	b79541a1-4e87-4cd2-9dbf-e4e1eda6d266	Salteña	6	1333.3333333333333	883.375	8000	2026-03-27 12:34:20.13901+00	2026-03-27 12:34:20.13901+00
e5767474-4bf2-48da-97fb-3d630a8c616f	5421220b-c86c-4cfc-99ea-9fed81ce27a6	b79541a1-4e87-4cd2-9dbf-e4e1eda6d266	Salteña	12	1291.6666666666667	883.375	15500	2026-03-27 13:26:39.594606+00	2026-03-27 13:26:39.594606+00
41d70de2-0e30-41bf-8d6b-611936c8a245	4668fbb8-0179-410a-8c4c-babaacb79245	c6b463d1-caf5-4469-84ff-4f510886bc64	Humita	6	1333.3333333333333	508.1233333333333	8000	2026-03-27 20:37:49.957097+00	2026-03-27 20:37:49.957097+00
473435c9-51c9-4d8d-b85c-57cb0b8ba7da	44c6361e-d323-450a-9ae8-8113b498ad30	dfa6870a-c1c9-4df2-8b63-2c31e2123b0a	Jamón y Queso	6	1250	120.91666666666667	7500	2026-03-21 18:44:52.123447+00	2026-03-21 18:44:52.123447+00
98650f2e-0eba-49ec-a395-ba013dc97519	44c6361e-d323-450a-9ae8-8113b498ad30	01551ba9-ce70-471c-b3c9-e1ec57202ca1	Criolla dulce	6	1333.3333333333333	687.7916666666666	8000	2026-03-21 18:44:52.123447+00	2026-03-21 18:44:52.123447+00
b2c8e648-dc70-40fb-a1ab-e73a1f8f301f	44c6361e-d323-450a-9ae8-8113b498ad30	b79541a1-4e87-4cd2-9dbf-e4e1eda6d266	Salteña	4	1500	687.6875	6000	2026-03-21 18:44:52.123447+00	2026-03-21 18:44:52.123447+00
7cc31076-5c57-4030-8233-5fc11a02c09b	44c6361e-d323-450a-9ae8-8113b498ad30	186f546e-2e29-4953-ac60-54f56e466703	Hongos	4	1400	120.91666666666667	5600	2026-03-21 18:44:52.123447+00	2026-03-21 18:44:52.123447+00
eec8d469-9f73-4f9d-a3c9-04233e0c8896	44c6361e-d323-450a-9ae8-8113b498ad30	c6b463d1-caf5-4469-84ff-4f510886bc64	Humita	4	1400	120.91666666666667	5600	2026-03-21 18:44:52.123447+00	2026-03-21 18:44:52.123447+00
1955addf-bd60-4c98-bd0a-fd615cb1d4fa	f59adf6a-8ac1-4f87-a92a-8ade6b370ca3	b79541a1-4e87-4cd2-9dbf-e4e1eda6d266	Salteña	18	1305.5555555555557	687.6875	23500	2026-03-21 22:02:46.000645+00	2026-03-21 22:02:46.000645+00
37217eb9-bfeb-49d5-8e5d-abb6013881f2	db4bc375-46b3-457a-b418-67fefe263cab	b79541a1-4e87-4cd2-9dbf-e4e1eda6d266	Salteña	12	1291.6666666666667	687.6875	15500	2026-03-21 22:04:10.776755+00	2026-03-21 22:04:10.776755+00
08397e92-42f4-4b61-8212-249f75443220	bd76fc17-d4bd-431e-9c9b-dcfb85e09a21	01551ba9-ce70-471c-b3c9-e1ec57202ca1	Criolla dulce	4	1400	687.7916666666666	5600	2026-03-22 14:24:11.158201+00	2026-03-22 14:24:11.158201+00
b6c35e06-a1a2-4b31-aa82-10f632741d26	bd76fc17-d4bd-431e-9c9b-dcfb85e09a21	b79541a1-4e87-4cd2-9dbf-e4e1eda6d266	Salteña	4	1500	687.6875	6000	2026-03-22 14:24:11.158201+00	2026-03-22 14:24:11.158201+00
7c154c72-393a-4969-a52b-d7f3f83b1af6	4668fbb8-0179-410a-8c4c-babaacb79245	186f546e-2e29-4953-ac60-54f56e466703	Hongos	6	1250	692.375	7500	2026-03-27 20:37:49.957097+00	2026-03-27 20:37:49.957097+00
5a5d1c50-d51e-4a66-b4cc-3b23f0701471	68375a87-4492-4e73-a041-86425d071197	b79541a1-4e87-4cd2-9dbf-e4e1eda6d266	Salteña	12	1333.3333333333333	885.875	16000	2026-04-22 15:59:13.802807+00	2026-04-22 15:59:13.802807+00
a4baf9e5-2199-4af6-80f6-3f6d37f75ca7	5b289bbd-83ff-40ee-941e-72711d2c4f48	186f546e-2e29-4953-ac60-54f56e466703	Hongos	6	1250	692.375	7500	2026-03-27 20:38:27.562732+00	2026-03-27 20:38:27.562732+00
bec8f633-a954-407c-bc7a-8f0fcb85552d	5b289bbd-83ff-40ee-941e-72711d2c4f48	c6b463d1-caf5-4469-84ff-4f510886bc64	Humita	6	1333.3333333333333	508.1233333333333	8000	2026-03-27 20:38:27.562732+00	2026-03-27 20:38:27.562732+00
3bdf4878-7496-4e2f-b702-3baa169a20e6	5b289bbd-83ff-40ee-941e-72711d2c4f48	b79541a1-4e87-4cd2-9dbf-e4e1eda6d266	Salteña	12	1291.6666666666667	883.375	15500	2026-03-27 20:38:27.562732+00	2026-03-27 20:38:27.562732+00
a12d7b11-b25b-4d31-9b54-f505cebfb9f5	5b289bbd-83ff-40ee-941e-72711d2c4f48	dfa6870a-c1c9-4df2-8b63-2c31e2123b0a	Jamón y Queso	12	1166.6666666666667	529.0833333333334	14000	2026-03-27 20:38:27.562732+00	2026-03-27 20:38:27.562732+00
a873a656-1387-413e-9367-29108f6cdd0a	1803550a-4a0a-4abc-a6e7-3bc7d62aa8fc	b79541a1-4e87-4cd2-9dbf-e4e1eda6d266	Salteña	12	1291.6666666666667	883.375	15500	2026-03-27 20:39:01.437848+00	2026-03-27 20:39:01.437848+00
4853d154-c872-438b-a6f6-65d57b12a670	33c28431-5404-4b8b-bef8-20b86003bb26	186f546e-2e29-4953-ac60-54f56e466703	Hongos	6	1250	692.375	7500	2026-03-27 22:49:59.183529+00	2026-03-27 22:49:59.183529+00
e094502f-c4ee-466f-a93c-c1c6bc7983be	33c28431-5404-4b8b-bef8-20b86003bb26	c6b463d1-caf5-4469-84ff-4f510886bc64	Humita	6	1333.3333333333333	508.1233333333333	8000	2026-03-27 22:49:59.183529+00	2026-03-27 22:49:59.183529+00
468a6b43-cd50-4fe5-80a0-af6d498f88b0	ba807f75-489b-4593-b335-4df939d1ed0c	01551ba9-ce70-471c-b3c9-e1ec57202ca1	Criolla dulce	12	1250	816.6216666666666	15000	2026-03-28 03:26:00.668555+00	2026-03-28 03:26:00.668555+00
784f3b34-cd95-4d06-86b4-1cc4432aa317	26a7916e-14f8-41aa-8956-09e27e93d0a1	186f546e-2e29-4953-ac60-54f56e466703	Hongos	4	1400	692.375	5600	2026-04-02 05:06:16.814526+00	2026-04-02 05:06:16.814526+00
d3dc8ada-f5b4-488d-afc4-36f5f6d186d4	26a7916e-14f8-41aa-8956-09e27e93d0a1	c6b463d1-caf5-4469-84ff-4f510886bc64	Humita	4	1400	508.1233333333333	5600	2026-04-02 05:06:16.814526+00	2026-04-02 05:06:16.814526+00
f526730f-5486-4352-acd4-b71b4b1a76fa	7301ee2e-abd1-4430-a65d-c3460a800919	01551ba9-ce70-471c-b3c9-e1ec57202ca1	Criolla dulce	6	1333.3333333333333	816.6216666666666	8000	2026-03-28 18:21:45.053871+00	2026-03-28 18:21:45.053871+00
1457a579-d30c-463c-96ee-32fd51ff1321	7301ee2e-abd1-4430-a65d-c3460a800919	dfa6870a-c1c9-4df2-8b63-2c31e2123b0a	Jamón y Queso	6	1250	529.0833333333334	7500	2026-03-28 18:21:45.053871+00	2026-03-28 18:21:45.053871+00
3847403a-d75b-40c2-8868-333bf1388fe5	8ddde3ec-c5ca-492c-8e6f-0eb0c6c6548c	b79541a1-4e87-4cd2-9dbf-e4e1eda6d266	Salteña	12	1291.6666666666667	883.375	15500	2026-03-28 22:05:49.047292+00	2026-03-28 22:05:49.047292+00
909938f7-0294-45fd-9356-8f914dc9682b	26a7916e-14f8-41aa-8956-09e27e93d0a1	7ed421bc-a864-4316-ad3b-ed0106ba81ac	Atún	4	1500	472.5833333333333	6000	2026-04-02 05:06:16.814526+00	2026-04-02 05:06:16.814526+00
41c408a0-24d3-4f0b-86a6-842327ba2ecb	d1c552fe-d7a2-406f-bf29-f9a711a9c519	b79541a1-4e87-4cd2-9dbf-e4e1eda6d266	Salteña	12	1291.6666666666667	895.875	15500	2026-04-02 05:16:55.479671+00	2026-04-02 05:16:55.479671+00
c9b6bf66-f074-45c1-bda1-1352b832f19b	1f9929d0-1121-405f-bf1a-17b38942787d	8b90b53f-8c38-4064-a515-2cee69ac7c80	Caprese	2	1500	354.4166666666667	3000	2026-04-22 16:01:38.259853+00	2026-04-22 16:01:38.259853+00
059bec76-c1ca-41aa-8810-4e509513d82c	1f9929d0-1121-405f-bf1a-17b38942787d	9c409d80-9537-411f-80a5-bd7a0e4c62ea	Criolla Salada	2	1500	691.1633333333333	3000	2026-04-22 16:01:38.259853+00	2026-04-22 16:01:38.259853+00
c8d1b787-b480-4a17-876b-3d6fcab45fd8	d3bcc87f-f81b-47eb-8fbb-30b783fdf36c	c6b463d1-caf5-4469-84ff-4f510886bc64	Humita	12	1250	508.1233333333333	15000	2026-04-02 14:10:30.99455+00	2026-04-02 14:10:30.99455+00
054e56f4-0b07-4d12-8e84-76eaae34f34c	1f9929d0-1121-405f-bf1a-17b38942787d	b79541a1-4e87-4cd2-9dbf-e4e1eda6d266	Salteña	2	1500	885.875	3000	2026-04-22 16:01:38.259853+00	2026-04-22 16:01:38.259853+00
9324abd4-c8ba-4af5-911b-03f98312c30f	1f9929d0-1121-405f-bf1a-17b38942787d	186f546e-2e29-4953-ac60-54f56e466703	Hongos	2	1400	692.375	2800	2026-04-22 16:01:38.259853+00	2026-04-22 16:01:38.259853+00
49e4c76c-8744-4e88-9965-20ced368f8a9	1f9929d0-1121-405f-bf1a-17b38942787d	01551ba9-ce70-471c-b3c9-e1ec57202ca1	Criolla dulce	2	1400	855.9283333333333	2800	2026-04-22 16:01:38.259853+00	2026-04-22 16:01:38.259853+00
405b3ba4-19b1-44ff-94d9-dfded63e59a8	d8bcb3d8-205b-40f6-a4df-fac828235605	dfa6870a-c1c9-4df2-8b63-2c31e2123b0a	Jamón y Queso	12	1166.6666666666667	599.0833333333334	14000	2026-04-02 01:47:58.107379+00	2026-04-02 01:47:58.107379+00
f15d7ec6-46bf-4c24-9400-337eaf8ece46	d8bcb3d8-205b-40f6-a4df-fac828235605	c6b463d1-caf5-4469-84ff-4f510886bc64	Humita	12	1250	508.1233333333333	15000	2026-04-02 01:47:58.107379+00	2026-04-02 01:47:58.107379+00
925fd0eb-d99c-4e2b-9375-2772a3d5717e	d8bcb3d8-205b-40f6-a4df-fac828235605	b79541a1-4e87-4cd2-9dbf-e4e1eda6d266	Salteña	12	1291.6666666666667	895.875	15500	2026-04-02 01:47:58.107379+00	2026-04-02 01:47:58.107379+00
3d4e02bc-c6cb-405f-9bc6-2fa95f303b4e	d3bcc87f-f81b-47eb-8fbb-30b783fdf36c	7ed421bc-a864-4316-ad3b-ed0106ba81ac	Atún	12	1250	472.5833333333333	15000	2026-04-02 14:10:30.99455+00	2026-04-02 14:10:30.99455+00
da0f6594-78b5-4dd5-94b1-a867cf7af462	e5c1d317-9dc1-4946-a261-7528727d3ac1	7ed421bc-a864-4316-ad3b-ed0106ba81ac	Atún	12	1250	472.5833333333333	15000	2026-04-02 14:33:53.837519+00	2026-04-02 14:33:53.837519+00
654a43ce-eead-4510-8aea-89a10e525fa3	e5c1d317-9dc1-4946-a261-7528727d3ac1	186f546e-2e29-4953-ac60-54f56e466703	Hongos	6	1250	692.375	7500	2026-04-02 14:33:53.837519+00	2026-04-02 14:33:53.837519+00
4507a05c-d120-4525-bee5-e3dae066216e	e5c1d317-9dc1-4946-a261-7528727d3ac1	c6b463d1-caf5-4469-84ff-4f510886bc64	Humita	6	1333.3333333333333	508.1233333333333	8000	2026-04-02 14:33:53.837519+00	2026-04-02 14:33:53.837519+00
5cf6a07a-aa69-4800-8795-ccebb3bbcb6c	e5c1d317-9dc1-4946-a261-7528727d3ac1	b79541a1-4e87-4cd2-9dbf-e4e1eda6d266	Salteña	6	1333.3333333333333	895.875	8000	2026-04-02 14:33:53.837519+00	2026-04-02 14:33:53.837519+00
ba1df79b-950d-4086-9ff9-5e331880edba	78111e32-034e-446d-9996-7862bf4c009e	b79541a1-4e87-4cd2-9dbf-e4e1eda6d266	Salteña	2	1500	895.875	3000	2026-04-02 01:49:05.001674+00	2026-04-02 01:49:05.001674+00
e94236a6-fa72-40c9-9b53-5d924411e659	78111e32-034e-446d-9996-7862bf4c009e	dfa6870a-c1c9-4df2-8b63-2c31e2123b0a	Jamón y Queso	2	1200	599.0833333333334	2400	2026-04-02 01:49:05.001674+00	2026-04-02 01:49:05.001674+00
591ca38c-8a7d-48dd-99e5-d0c39d5a3d9a	78111e32-034e-446d-9996-7862bf4c009e	c6b463d1-caf5-4469-84ff-4f510886bc64	Humita	3	1400	508.1233333333333	4200	2026-04-02 01:49:05.001674+00	2026-04-02 01:49:05.001674+00
b8f85335-4a12-4a1f-a2c1-23f7ef4ec68a	78111e32-034e-446d-9996-7862bf4c009e	186f546e-2e29-4953-ac60-54f56e466703	Hongos	3	1400	692.375	4200	2026-04-02 01:49:05.001674+00	2026-04-02 01:49:05.001674+00
0c184242-efa6-40c6-a883-d5e9f8a534e5	78111e32-034e-446d-9996-7862bf4c009e	01551ba9-ce70-471c-b3c9-e1ec57202ca1	Criolla dulce	2	1400	869.2616666666667	2800	2026-04-02 01:49:05.001674+00	2026-04-02 01:49:05.001674+00
5a38f0b9-2b7e-4294-a25a-a635bc42c5ba	19ae51f8-5bb9-4ac6-8ca2-df0cc61869e2	b79541a1-4e87-4cd2-9dbf-e4e1eda6d266	Salteña	12	1291.6666666666667	895.875	15500	2026-04-02 01:50:30.788616+00	2026-04-02 01:50:30.788616+00
82c51e76-99b5-4664-87a1-97ba5c6b7e1f	68fb177b-9c9c-40ae-8337-9e1c71a96c0d	7ed421bc-a864-4316-ad3b-ed0106ba81ac	Atún	12	1250	472.5833333333333	15000	2026-04-02 14:38:19.367296+00	2026-04-02 14:38:19.367296+00
6ec61fa7-9816-4648-8c8a-aac21087771f	1f9929d0-1121-405f-bf1a-17b38942787d	dfa6870a-c1c9-4df2-8b63-2c31e2123b0a	Jamón y Queso	2	1200	599.0833333333334	2400	2026-04-22 16:01:38.259853+00	2026-04-22 16:01:38.259853+00
a9a062c7-9242-4fdc-8092-4aa72f3a6411	f1ce60c9-4a93-4a12-9d05-5551a9bd2472	01551ba9-ce70-471c-b3c9-e1ec57202ca1	Criolla dulce	12	1291.6666666666667	855.9283333333333	15500	2026-04-22 16:02:40.188072+00	2026-04-22 16:02:40.188072+00
59e45dac-0a7f-4afc-9300-282fb5829065	321d1e43-5e77-44a4-8888-db33be75b6f8	01551ba9-ce70-471c-b3c9-e1ec57202ca1	Criolla dulce	12	1250	869.2616666666667	15000	2026-04-02 01:53:52.044364+00	2026-04-02 01:53:52.044364+00
50bb40ea-1a91-4c24-adea-6ef87e8ef5b9	bb00dc95-a5e9-4552-9801-6bc8dfa113b5	01551ba9-ce70-471c-b3c9-e1ec57202ca1	Criolla dulce	12	1291.6666666666667	855.9283333333333	15500	2026-04-24 22:22:07.15548+00	2026-04-24 22:22:07.15548+00
7af5214d-ab17-4404-8082-ba737dad7d16	bb00dc95-a5e9-4552-9801-6bc8dfa113b5	186f546e-2e29-4953-ac60-54f56e466703	Hongos	6	1250	692.375	7500	2026-04-24 22:22:07.15548+00	2026-04-24 22:22:07.15548+00
bf9ce504-5b6f-4887-907e-2a742042c0bf	b43e196e-e72c-4737-a3ef-9c67c25e0f2a	186f546e-2e29-4953-ac60-54f56e466703	Hongos	4	1400	692.375	5600	2026-04-02 01:55:10.837826+00	2026-04-02 01:55:10.837826+00
12b53fb5-31d5-4f0d-b4cd-a474a1c287f4	b43e196e-e72c-4737-a3ef-9c67c25e0f2a	c6b463d1-caf5-4469-84ff-4f510886bc64	Humita	4	1400	508.1233333333333	5600	2026-04-02 01:55:10.837826+00	2026-04-02 01:55:10.837826+00
6c58ad17-cb70-4eab-9346-554e3cde6ee7	b43e196e-e72c-4737-a3ef-9c67c25e0f2a	7ed421bc-a864-4316-ad3b-ed0106ba81ac	Atún	4	1500	472.5833333333333	6000	2026-04-02 01:55:10.837826+00	2026-04-02 01:55:10.837826+00
bfa88fb0-09fe-4de3-a875-8ffc23a840c7	2a4dfca1-27cc-43ab-b5a7-16c9b16b9682	186f546e-2e29-4953-ac60-54f56e466703	Hongos	6	1250	692.375	7500	2026-04-25 15:34:28.723954+00	2026-04-25 15:34:28.723954+00
626e174b-92e2-4d34-996a-49e4e379c67c	2a4dfca1-27cc-43ab-b5a7-16c9b16b9682	01551ba9-ce70-471c-b3c9-e1ec57202ca1	Criolla dulce	6	1333.3333333333333	855.9283333333333	8000	2026-04-25 15:34:28.723954+00	2026-04-25 15:34:28.723954+00
9cbccfd2-0dc4-4c1d-a9a1-793cedafc3df	3e2dfffd-d06a-497b-a22d-4cfe16a60520	b79541a1-4e87-4cd2-9dbf-e4e1eda6d266	Salteña	12	1333.3333333333333	885.875	16000	2026-04-25 15:35:36.80326+00	2026-04-25 15:35:36.80326+00
21998388-e7f9-4edb-a29a-b760f103d858	dfea86b2-25d5-4a76-b4e0-d1c18ce98f38	b79541a1-4e87-4cd2-9dbf-e4e1eda6d266	Salteña	4	1500	885.875	6000	2026-04-25 19:46:07.899853+00	2026-04-25 19:46:07.899853+00
09aaf0ac-626e-47e9-93d1-d5654b918cff	dfea86b2-25d5-4a76-b4e0-d1c18ce98f38	186f546e-2e29-4953-ac60-54f56e466703	Hongos	4	1400	692.375	5600	2026-04-25 19:46:07.899853+00	2026-04-25 19:46:07.899853+00
685d574b-3cef-40d8-aba2-5f1c18ad8416	dfea86b2-25d5-4a76-b4e0-d1c18ce98f38	8b90b53f-8c38-4064-a515-2cee69ac7c80	Caprese	4	1500	354.4166666666667	6000	2026-04-25 19:46:07.899853+00	2026-04-25 19:46:07.899853+00
e76e13c4-409a-4ab8-a56e-116c9251de9e	895f2283-d073-4382-887f-e639643022c7	186f546e-2e29-4953-ac60-54f56e466703	Hongos	6	1250	692.375	7500	2026-04-02 01:57:20.843375+00	2026-04-02 01:57:20.843375+00
6212b41c-4bae-4d1d-88ee-f184fce17f30	895f2283-d073-4382-887f-e639643022c7	c6b463d1-caf5-4469-84ff-4f510886bc64	Humita	6	1333.3333333333333	508.1233333333333	8000	2026-04-02 01:57:20.843375+00	2026-04-02 01:57:20.843375+00
f0334867-89a8-4bfd-8074-55618ccc2a62	b49b5f49-9c89-4bbd-b325-aae988faba0e	b79541a1-4e87-4cd2-9dbf-e4e1eda6d266	Salteña	12	1333.3333333333333	885.875	16000	2026-04-25 19:48:31.265716+00	2026-04-25 19:48:31.265716+00
1406f33d-1a84-4f2e-b864-94cbbcc8d253	eeb9c3fc-0c3c-4f40-b2ed-f48c3c424cc3	b79541a1-4e87-4cd2-9dbf-e4e1eda6d266	Salteña	8	1375	895.875	11000	2026-04-02 01:57:53.31153+00	2026-04-02 01:57:53.31153+00
817d061f-27b3-407f-9337-824c66d00071	eeb9c3fc-0c3c-4f40-b2ed-f48c3c424cc3	dfa6870a-c1c9-4df2-8b63-2c31e2123b0a	Jamón y Queso	4	1200	599.0833333333334	4800	2026-04-02 01:57:53.31153+00	2026-04-02 01:57:53.31153+00
6ecbd9bc-d187-4699-8a73-d17fd3f72a89	5ac942f6-c6fb-482b-b813-db19df840f05	01551ba9-ce70-471c-b3c9-e1ec57202ca1	Criolla dulce	24	1291.6666666666667	855.9283333333333	31000	2026-04-26 03:10:46.938016+00	2026-04-26 03:10:46.938016+00
0ef9498f-5c1a-44d0-a194-e565833630e9	679ea6fd-b468-4170-949c-6845fde97921	01551ba9-ce70-471c-b3c9-e1ec57202ca1	Criolla dulce	12	1291.6666666666667	855.9283333333333	15500	2026-04-23 03:02:43.045094+00	2026-04-23 03:02:43.045094+00
85df7c04-dd46-4e9a-921f-c25d316fc182	42ceb2e5-6398-4b92-aad6-e695aac88aa3	b79541a1-4e87-4cd2-9dbf-e4e1eda6d266	Salteña	6	1333.3333333333333	885.875	8000	2026-04-24 15:34:23.858461+00	2026-04-24 15:34:23.858461+00
29450a93-cadb-4021-97ee-814735a4c28a	6e4934b4-ba13-4601-8feb-5c2a4bbff1e2	dfa6870a-c1c9-4df2-8b63-2c31e2123b0a	Jamón y Queso	2	1200	599.0833333333334	2400	2026-04-02 14:44:37.113181+00	2026-04-02 14:44:37.113181+00
357a3bb2-96ee-4d57-b468-bc2515a0e726	6e4934b4-ba13-4601-8feb-5c2a4bbff1e2	7ed421bc-a864-4316-ad3b-ed0106ba81ac	Atún	2	1500	472.5833333333333	3000	2026-04-02 14:44:37.113181+00	2026-04-02 14:44:37.113181+00
2bf04573-cce7-4e27-95a3-6dd1b2944964	6e4934b4-ba13-4601-8feb-5c2a4bbff1e2	b79541a1-4e87-4cd2-9dbf-e4e1eda6d266	Salteña	2	1500	895.875	3000	2026-04-02 14:44:37.113181+00	2026-04-02 14:44:37.113181+00
edc175a0-2d51-4366-8732-6d0fec6d3442	6e4934b4-ba13-4601-8feb-5c2a4bbff1e2	c6b463d1-caf5-4469-84ff-4f510886bc64	Humita	2	1400	508.1233333333333	2800	2026-04-02 14:44:37.113181+00	2026-04-02 14:44:37.113181+00
e83cd8e2-518d-4f87-8830-a475ab4d5726	6e4934b4-ba13-4601-8feb-5c2a4bbff1e2	01551ba9-ce70-471c-b3c9-e1ec57202ca1	Criolla dulce	2	1400	869.2616666666667	2800	2026-04-02 14:44:37.113181+00	2026-04-02 14:44:37.113181+00
448d6310-2877-4128-8255-df1cc3f5b8bd	6e4934b4-ba13-4601-8feb-5c2a4bbff1e2	186f546e-2e29-4953-ac60-54f56e466703	Hongos	2	1400	692.375	2800	2026-04-02 14:44:37.113181+00	2026-04-02 14:44:37.113181+00
d017637f-371f-4260-abb5-94d498c0da2b	42ceb2e5-6398-4b92-aad6-e695aac88aa3	186f546e-2e29-4953-ac60-54f56e466703	Hongos	6	1250	692.375	7500	2026-04-24 15:34:23.858461+00	2026-04-24 15:34:23.858461+00
2fa3d972-1c77-4196-9794-285c5e592ccd	8f9d651a-472b-48dc-bb41-7e1453fdd296	c6b463d1-caf5-4469-84ff-4f510886bc64	Humita	4	1400	508.1233333333333	5600	2026-04-02 15:21:23.112789+00	2026-04-02 15:21:23.112789+00
50727f46-242a-4951-8774-755573c62bb4	8f9d651a-472b-48dc-bb41-7e1453fdd296	186f546e-2e29-4953-ac60-54f56e466703	Hongos	4	1400	692.375	5600	2026-04-02 15:21:23.112789+00	2026-04-02 15:21:23.112789+00
e4a5cc42-806e-4077-be7a-00a08c9268fb	8f9d651a-472b-48dc-bb41-7e1453fdd296	7ed421bc-a864-4316-ad3b-ed0106ba81ac	Atún	4	1500	472.5833333333333	6000	2026-04-02 15:21:23.112789+00	2026-04-02 15:21:23.112789+00
bd122b82-afd3-4426-9b75-1a5bc8aaff5a	64c09700-dbdb-4df8-bd70-c5b4e8e5a419	186f546e-2e29-4953-ac60-54f56e466703	Hongos	4	1400	692.375	5600	2026-04-02 16:55:36.053579+00	2026-04-02 16:55:36.053579+00
1953bf16-0cb3-40b9-bc1b-c47c1f1faea6	64c09700-dbdb-4df8-bd70-c5b4e8e5a419	c6b463d1-caf5-4469-84ff-4f510886bc64	Humita	4	1400	508.1233333333333	5600	2026-04-02 16:55:36.053579+00	2026-04-02 16:55:36.053579+00
90aa69db-1628-458b-8e0b-65607a521b6b	64c09700-dbdb-4df8-bd70-c5b4e8e5a419	7ed421bc-a864-4316-ad3b-ed0106ba81ac	Atún	4	1500	472.5833333333333	6000	2026-04-02 16:55:36.053579+00	2026-04-02 16:55:36.053579+00
08cad3db-bd36-4334-b0cd-1076736d90a7	64c09700-dbdb-4df8-bd70-c5b4e8e5a419	dfa6870a-c1c9-4df2-8b63-2c31e2123b0a	Jamón y Queso	12	1166.6666666666667	599.0833333333334	14000	2026-04-02 16:55:36.053579+00	2026-04-02 16:55:36.053579+00
0d4a9911-2263-4a37-aa0e-058d1ca58549	c3bc1511-08dd-4761-8339-76f006e65582	c6b463d1-caf5-4469-84ff-4f510886bc64	Humita	4	1400	508.1233333333333	5600	2026-04-02 16:58:49.204781+00	2026-04-02 16:58:49.204781+00
20870001-f739-454d-8346-da9326e6959b	c3bc1511-08dd-4761-8339-76f006e65582	186f546e-2e29-4953-ac60-54f56e466703	Hongos	7	1271.4285714285713	692.375	8900	2026-04-02 16:58:49.204781+00	2026-04-02 16:58:49.204781+00
b4fef46c-a396-468c-9c6c-59b8b1813ffc	c3bc1511-08dd-4761-8339-76f006e65582	7ed421bc-a864-4316-ad3b-ed0106ba81ac	Atún	7	1357.142857142857	472.5833333333333	9500	2026-04-02 16:58:49.204781+00	2026-04-02 16:58:49.204781+00
3558da3f-f726-4ae1-902e-a90401f45587	d284464a-8750-43fe-a5b7-1ca5aa53e7fc	dfa6870a-c1c9-4df2-8b63-2c31e2123b0a	Jamón y Queso	6	1250	599.0833333333334	7500	2026-04-02 17:41:41.094626+00	2026-04-02 17:41:41.094626+00
6d784787-c3cc-4358-a8dc-62024e4d363c	d284464a-8750-43fe-a5b7-1ca5aa53e7fc	186f546e-2e29-4953-ac60-54f56e466703	Hongos	6	1250	692.375	7500	2026-04-02 17:41:41.094626+00	2026-04-02 17:41:41.094626+00
ab670435-cbac-40f2-8e75-544ae0f614b6	d284464a-8750-43fe-a5b7-1ca5aa53e7fc	7ed421bc-a864-4316-ad3b-ed0106ba81ac	Atún	6	1333.3333333333333	472.5833333333333	8000	2026-04-02 17:41:41.094626+00	2026-04-02 17:41:41.094626+00
b29f5c56-2acb-4d87-bcf8-17f19101d7ab	71746fe9-b8d1-4f65-94cf-0c19c415ab8f	7ed421bc-a864-4316-ad3b-ed0106ba81ac	Atún	12	1250	472.5833333333333	15000	2026-04-02 17:45:17.897124+00	2026-04-02 17:45:17.897124+00
a8a16933-c80d-4217-b7b2-4b6e33c9eb05	71746fe9-b8d1-4f65-94cf-0c19c415ab8f	c6b463d1-caf5-4469-84ff-4f510886bc64	Humita	12	1250	508.1233333333333	15000	2026-04-02 17:45:17.897124+00	2026-04-02 17:45:17.897124+00
af4b2ff6-c17f-4518-9f21-091b8cde6e04	71746fe9-b8d1-4f65-94cf-0c19c415ab8f	b79541a1-4e87-4cd2-9dbf-e4e1eda6d266	Salteña	12	1291.6666666666667	895.875	15500	2026-04-02 17:45:17.897124+00	2026-04-02 17:45:17.897124+00
23103d2f-7fc5-4ca9-9e76-e472fbb22bdb	8abce7a2-fc30-4b80-8d13-e416f150529a	dfa6870a-c1c9-4df2-8b63-2c31e2123b0a	Jamón y Queso	7	1242.857142857143	599.0833333333334	8700	2026-04-03 16:11:50.947199+00	2026-04-03 16:11:50.947199+00
17323be5-7e76-4e13-a305-b4aae54cfc0c	8abce7a2-fc30-4b80-8d13-e416f150529a	7ed421bc-a864-4316-ad3b-ed0106ba81ac	Atún	5	1500	472.5833333333333	7500	2026-04-03 16:11:50.947199+00	2026-04-03 16:11:50.947199+00
31e1a1dc-368b-4409-bc9e-1edd7d0cd5eb	6ad35c4c-0aea-4e36-87e6-4ecd61ff7c30	01551ba9-ce70-471c-b3c9-e1ec57202ca1	Criolla dulce	12	1250	855.9283333333333	15000	2026-04-04 15:55:21.364733+00	2026-04-04 15:55:21.364733+00
0c2c7c71-90d4-4872-9108-fd9874e60bff	e33319c7-82dd-4b4e-8548-7344fabd906a	b79541a1-4e87-4cd2-9dbf-e4e1eda6d266	Salteña	6	1333.3333333333333	885.875	8000	2026-04-10 03:13:23.218223+00	2026-04-10 03:13:23.218223+00
6ba6fc0d-2073-435c-9af8-55b7d936029c	e33319c7-82dd-4b4e-8548-7344fabd906a	c6b463d1-caf5-4469-84ff-4f510886bc64	Humita	2	1400	508.1233333333333	2800	2026-04-10 03:13:23.218223+00	2026-04-10 03:13:23.218223+00
6fd11688-e0a3-4d12-b243-65be437db4b8	e33319c7-82dd-4b4e-8548-7344fabd906a	186f546e-2e29-4953-ac60-54f56e466703	Hongos	2	1400	692.375	2800	2026-04-10 03:13:23.218223+00	2026-04-10 03:13:23.218223+00
61903993-685b-4255-8fd9-36ba70f00b92	e33319c7-82dd-4b4e-8548-7344fabd906a	9c409d80-9537-411f-80a5-bd7a0e4c62ea	Criolla Salada	2	1500	691.1633333333333	3000	2026-04-10 03:13:23.218223+00	2026-04-10 03:13:23.218223+00
8c8bbe21-c1ef-4186-893f-2633fb293d7e	2375224b-5b83-481c-921b-c0431bfa7257	b79541a1-4e87-4cd2-9dbf-e4e1eda6d266	Salteña	12	1333.3333333333333	885.875	16000	2026-04-10 14:42:23.920881+00	2026-04-10 14:42:23.920881+00
70c9d1bf-6fc4-4843-ab6b-d39d299e6b08	853e021d-b137-4ff4-966d-530634239d21	c6b463d1-caf5-4469-84ff-4f510886bc64	Humita	4	1400	508.1233333333333	5600	2026-04-10 20:55:56.011759+00	2026-04-10 20:55:56.011759+00
9c703803-6abe-4f85-9472-f20066d657d0	853e021d-b137-4ff4-966d-530634239d21	186f546e-2e29-4953-ac60-54f56e466703	Hongos	4	1400	692.375	5600	2026-04-10 20:55:56.011759+00	2026-04-10 20:55:56.011759+00
e13e0502-e14b-4c86-9730-2c176c3f5a12	853e021d-b137-4ff4-966d-530634239d21	7ed421bc-a864-4316-ad3b-ed0106ba81ac	Atún	4	1500	462.5833333333333	6000	2026-04-10 20:55:56.011759+00	2026-04-10 20:55:56.011759+00
c1065002-bd7e-4da2-b4ff-7b9a10002f82	fc3a4ad4-f4a3-4156-8562-fee76dfe12f0	01551ba9-ce70-471c-b3c9-e1ec57202ca1	Criolla dulce	12	1291.6666666666667	855.9283333333333	15500	2026-04-10 20:56:02.688862+00	2026-04-10 20:56:02.688862+00
1b649bdb-9b87-464d-9db9-80372baf0c81	beb5c495-5c08-4e67-9eec-f0d4233bcf0d	b79541a1-4e87-4cd2-9dbf-e4e1eda6d266	Salteña	6	1333.3333333333333	885.875	8000	2026-04-10 20:58:38.424865+00	2026-04-10 20:58:38.424865+00
8bf09ead-7ad9-4ca3-b880-2082eca86b71	beb5c495-5c08-4e67-9eec-f0d4233bcf0d	01551ba9-ce70-471c-b3c9-e1ec57202ca1	Criolla dulce	14	1307.142857142857	855.9283333333333	18300	2026-04-10 20:58:38.424865+00	2026-04-10 20:58:38.424865+00
22c88f32-aa98-4f87-ac51-73a17b882636	beb5c495-5c08-4e67-9eec-f0d4233bcf0d	9c409d80-9537-411f-80a5-bd7a0e4c62ea	Criolla Salada	10	1400	691.1633333333333	14000	2026-04-10 20:58:38.424865+00	2026-04-10 20:58:38.424865+00
0038513f-5ba6-444a-84ab-33dbbd4a9646	beb5c495-5c08-4e67-9eec-f0d4233bcf0d	dfa6870a-c1c9-4df2-8b63-2c31e2123b0a	Jamón y Queso	6	1250	599.0833333333334	7500	2026-04-10 20:58:38.424865+00	2026-04-10 20:58:38.424865+00
ec7926eb-0c19-4230-9245-2876ad43fddb	beb5c495-5c08-4e67-9eec-f0d4233bcf0d	186f546e-2e29-4953-ac60-54f56e466703	Hongos	13	1300	692.375	16900	2026-04-10 20:58:38.424865+00	2026-04-10 20:58:38.424865+00
99eac3a4-d436-420c-9975-9d416f435a1b	beb5c495-5c08-4e67-9eec-f0d4233bcf0d	c6b463d1-caf5-4469-84ff-4f510886bc64	Humita	5	1400	508.1233333333333	7000	2026-04-10 20:58:38.424865+00	2026-04-10 20:58:38.424865+00
16c957cb-b5ce-46f2-a04c-23c9f79ccfc6	21a0a24b-ae04-4f09-866f-d433ff5c9a5e	b79541a1-4e87-4cd2-9dbf-e4e1eda6d266	Salteña	6	1333.3333333333333	885.875	8000	2026-04-11 16:58:29.854673+00	2026-04-11 16:58:29.854673+00
508f9aea-9f03-49e2-ae07-c0f1616dc82a	51333824-8746-4c3e-90f5-79fb188431e6	b79541a1-4e87-4cd2-9dbf-e4e1eda6d266	Salteña	6	1333.3333333333333	885.875	8000	2026-04-11 17:04:15.388786+00	2026-04-11 17:04:15.388786+00
8ef0d73b-a7ac-4c9d-b763-72969702e75b	51333824-8746-4c3e-90f5-79fb188431e6	c6b463d1-caf5-4469-84ff-4f510886bc64	Humita	4	1400	508.1233333333333	5600	2026-04-11 17:04:15.388786+00	2026-04-11 17:04:15.388786+00
3583cf08-2ef0-435d-82ab-d37691b4846b	51333824-8746-4c3e-90f5-79fb188431e6	186f546e-2e29-4953-ac60-54f56e466703	Hongos	2	1400	692.375	2800	2026-04-11 17:04:15.388786+00	2026-04-11 17:04:15.388786+00
f9ffffd2-7093-410b-8dc1-4317b08e1411	9ae183ab-3401-4b8b-834e-30e7e5ec5247	9c409d80-9537-411f-80a5-bd7a0e4c62ea	Criolla Salada	12	1291.6666666666667	691.1633333333333	15500	2026-04-18 14:47:20.517157+00	2026-04-18 14:47:20.517157+00
7952b645-668d-42bb-b781-8e24de02ca58	90bd85b4-e1f4-4117-a9bb-ce2aba9698ca	7ed421bc-a864-4316-ad3b-ed0106ba81ac	Atún	6	1333.3333333333333	462.5833333333333	8000	2026-04-18 14:48:29.794377+00	2026-04-18 14:48:29.794377+00
eb0e2740-ab08-487a-a135-0f8110cacf3f	82a71185-3784-42c5-8886-d351cb90d2c0	01551ba9-ce70-471c-b3c9-e1ec57202ca1	Criolla dulce	6	1333.3333333333333	855.9283333333333	8000	2026-04-18 23:45:12.913853+00	2026-04-18 23:45:12.913853+00
6be41eb8-eb33-48c6-805f-a4d71cb00f36	82a71185-3784-42c5-8886-d351cb90d2c0	9c409d80-9537-411f-80a5-bd7a0e4c62ea	Criolla Salada	6	1333.3333333333333	691.1633333333333	8000	2026-04-18 23:45:12.913853+00	2026-04-18 23:45:12.913853+00
f27e798a-07bf-4ec6-a227-b65ae6ff11b7	2af8fd17-16ff-4552-b20f-c09e6c63e6d4	b79541a1-4e87-4cd2-9dbf-e4e1eda6d266	Salteña	12	1333.3333333333333	885.875	16000	2026-04-18 23:46:01.884643+00	2026-04-18 23:46:01.884643+00
b078dd22-7f49-4406-a71e-940576682999	51052ba3-2f6e-4170-ae6a-17fba80f9edd	01551ba9-ce70-471c-b3c9-e1ec57202ca1	Criolla dulce	12	1291.6666666666667	855.9283333333333	15500	2026-04-18 23:46:34.198377+00	2026-04-18 23:46:34.198377+00
fac9a73a-db14-4f84-87bc-88644d96d4c9	985e5cad-ebec-4d35-bb30-4d991fadf5a2	b79541a1-4e87-4cd2-9dbf-e4e1eda6d266	Salteña	6	1333.3333333333333	885.875	8000	2026-04-22 15:57:54.117163+00	2026-04-22 15:57:54.117163+00
4a2c59e9-3ad2-4330-9b89-933dc0768a29	985e5cad-ebec-4d35-bb30-4d991fadf5a2	186f546e-2e29-4953-ac60-54f56e466703	Hongos	3	1400	692.375	4200	2026-04-22 15:57:54.117163+00	2026-04-22 15:57:54.117163+00
9554d71b-dd2d-4678-b785-8ec13e315f1a	985e5cad-ebec-4d35-bb30-4d991fadf5a2	8b90b53f-8c38-4064-a515-2cee69ac7c80	Caprese	3	1500	354.4166666666667	4500	2026-04-22 15:57:54.117163+00	2026-04-22 15:57:54.117163+00
d9e39ee3-caa8-44ed-90d3-c9db1db62f88	054b4953-3fc3-49d3-8837-871aeb03382f	9c409d80-9537-411f-80a5-bd7a0e4c62ea	Criolla Salada	6	1333.3333333333333	691.1633333333333	8000	2026-05-08 20:59:05.74964+00	2026-05-08 20:59:05.74964+00
7157f020-13a5-4b85-b70b-e1f7ae579292	054b4953-3fc3-49d3-8837-871aeb03382f	186f546e-2e29-4953-ac60-54f56e466703	Hongos	6	1250	692.375	7500	2026-05-08 20:59:05.74964+00	2026-05-08 20:59:05.74964+00
3670d9f5-c6c7-4ae9-8ed8-ce67c4d5e5a8	46bfedb0-4388-4f78-99e0-459de10af93b	b79541a1-4e87-4cd2-9dbf-e4e1eda6d266	Salteña	12	1333.3333333333333	885.875	16000	2026-05-08 21:00:04.687461+00	2026-05-08 21:00:04.687461+00
9c11e7d2-240c-413a-b4bf-4eecde061c4d	d4b9952b-c52f-40cb-8885-b7d6ce20856e	dfa6870a-c1c9-4df2-8b63-2c31e2123b0a	Jamón y Queso	2	1200	599.0833333333334	2400	2026-04-26 03:13:10.943737+00	2026-04-26 03:13:10.943737+00
ba56b637-c034-4824-b330-4c38b4008cb5	d4b9952b-c52f-40cb-8885-b7d6ce20856e	b79541a1-4e87-4cd2-9dbf-e4e1eda6d266	Salteña	3	1500	885.875	4500	2026-04-26 03:13:10.943737+00	2026-04-26 03:13:10.943737+00
73cefd3f-b340-4b83-b8c7-d42a8e60c9d6	d4b9952b-c52f-40cb-8885-b7d6ce20856e	9c409d80-9537-411f-80a5-bd7a0e4c62ea	Criolla Salada	3	1500	691.1633333333333	4500	2026-04-26 03:13:10.943737+00	2026-04-26 03:13:10.943737+00
61732bb5-ece9-46e3-b9b7-ff01108a262f	d4b9952b-c52f-40cb-8885-b7d6ce20856e	8b90b53f-8c38-4064-a515-2cee69ac7c80	Caprese	2	1500	354.4166666666667	3000	2026-04-26 03:13:10.943737+00	2026-04-26 03:13:10.943737+00
a4a9474e-7032-49e8-be3c-c1b33df174bd	d4b9952b-c52f-40cb-8885-b7d6ce20856e	186f546e-2e29-4953-ac60-54f56e466703	Hongos	2	1400	692.375	2800	2026-04-26 03:13:10.943737+00	2026-04-26 03:13:10.943737+00
06261d58-16c5-42c0-bf27-40be44ff01f9	497596d0-3e21-4995-b87c-78a433c6ade0	b79541a1-4e87-4cd2-9dbf-e4e1eda6d266	Salteña	6	1333.3333333333333	885.875	8000	2026-04-26 16:15:49.625043+00	2026-04-26 16:15:49.625043+00
539423c2-58ec-4dab-9f27-09ebe5ae1f35	497596d0-3e21-4995-b87c-78a433c6ade0	01551ba9-ce70-471c-b3c9-e1ec57202ca1	Criolla dulce	6	1333.3333333333333	855.9283333333333	8000	2026-04-26 16:15:49.625043+00	2026-04-26 16:15:49.625043+00
6b5b30b0-e872-4e54-aa01-24d5920d8f39	497596d0-3e21-4995-b87c-78a433c6ade0	186f546e-2e29-4953-ac60-54f56e466703	Hongos	6	1250	692.375	7500	2026-04-26 16:15:49.625043+00	2026-04-26 16:15:49.625043+00
f82d6674-ae0d-4f88-b05e-52b0a76e16ce	b52ab4a0-abad-4de2-a078-181300440749	b79541a1-4e87-4cd2-9dbf-e4e1eda6d266	Salteña	12	1333.3333333333333	885.875	16000	2026-04-26 16:20:41.567177+00	2026-04-26 16:20:41.567177+00
0326b725-10a3-4dd9-a45f-159434a03a65	b52ab4a0-abad-4de2-a078-181300440749	9c409d80-9537-411f-80a5-bd7a0e4c62ea	Criolla Salada	12	1291.6666666666667	691.1633333333333	15500	2026-04-26 16:20:41.567177+00	2026-04-26 16:20:41.567177+00
dca21dee-d7a6-4ed8-ba96-171e24b291bf	9704b72c-7a44-4641-8b85-ca5ddfbf1bb3	b79541a1-4e87-4cd2-9dbf-e4e1eda6d266	Salteña	3	1500	885.875	4500	2026-04-26 16:23:39.384294+00	2026-04-26 16:23:39.384294+00
6b8303bb-b37e-4974-b2f6-f4af0f2db7ad	9704b72c-7a44-4641-8b85-ca5ddfbf1bb3	9c409d80-9537-411f-80a5-bd7a0e4c62ea	Criolla Salada	2	1500	691.1633333333333	3000	2026-04-26 16:23:39.384294+00	2026-04-26 16:23:39.384294+00
a431e1de-cdbf-4f61-a5f0-130625749963	9704b72c-7a44-4641-8b85-ca5ddfbf1bb3	186f546e-2e29-4953-ac60-54f56e466703	Hongos	2	1400	692.375	2800	2026-04-26 16:23:39.384294+00	2026-04-26 16:23:39.384294+00
6ef51421-3609-4b7a-a08b-74c216e301f8	9704b72c-7a44-4641-8b85-ca5ddfbf1bb3	dfa6870a-c1c9-4df2-8b63-2c31e2123b0a	Jamón y Queso	2	1200	599.0833333333334	2400	2026-04-26 16:23:39.384294+00	2026-04-26 16:23:39.384294+00
4f7db97d-0e4d-4ae1-8ff7-521c613cd795	9704b72c-7a44-4641-8b85-ca5ddfbf1bb3	8b90b53f-8c38-4064-a515-2cee69ac7c80	Caprese	2	1500	354.4166666666667	3000	2026-04-26 16:23:39.384294+00	2026-04-26 16:23:39.384294+00
96f5e870-bab2-420e-9b74-733c06a3c717	a804147a-c7df-4476-83db-a47ee3165e97	b79541a1-4e87-4cd2-9dbf-e4e1eda6d266	Salteña	3	1500	885.875	4500	2026-04-27 00:26:03.448308+00	2026-04-27 00:26:03.448308+00
9a3bff57-e499-4fd4-8388-5edbda119e11	a804147a-c7df-4476-83db-a47ee3165e97	01551ba9-ce70-471c-b3c9-e1ec57202ca1	Criolla dulce	3	1400	855.9283333333333	4200	2026-04-27 00:26:03.448308+00	2026-04-27 00:26:03.448308+00
7b1931be-d759-4200-bb2b-2b020958c6f4	a804147a-c7df-4476-83db-a47ee3165e97	8b90b53f-8c38-4064-a515-2cee69ac7c80	Caprese	2	1500	354.4166666666667	3000	2026-04-27 00:26:03.448308+00	2026-04-27 00:26:03.448308+00
8200b6ec-56f6-477f-901f-cee3e9661c7a	46bfedb0-4388-4f78-99e0-459de10af93b	186f546e-2e29-4953-ac60-54f56e466703	Hongos	12	1291.6666666666667	692.375	15500	2026-05-08 21:00:04.687461+00	2026-05-08 21:00:04.687461+00
0a5167c2-1919-4824-9772-ec56aad5d35b	d5e5d4f1-6a5e-4747-a272-64adbb323736	c6b463d1-caf5-4469-84ff-4f510886bc64	Humita	4	1400	508.1233333333333	5600	2026-04-30 00:42:16.196469+00	2026-04-30 00:42:16.196469+00
35917e63-76d0-4d3e-9149-9f41ce8d928a	d5e5d4f1-6a5e-4747-a272-64adbb323736	186f546e-2e29-4953-ac60-54f56e466703	Hongos	4	1400	692.375	5600	2026-04-30 00:42:16.196469+00	2026-04-30 00:42:16.196469+00
b4c91b1c-b2f6-4f54-a29a-6c4529633304	d5e5d4f1-6a5e-4747-a272-64adbb323736	b79541a1-4e87-4cd2-9dbf-e4e1eda6d266	Salteña	4	1500	885.875	6000	2026-04-30 00:42:16.196469+00	2026-04-30 00:42:16.196469+00
6af3bfac-0c60-43fc-ad10-765024c0a765	24570c1b-fdd8-4b59-8683-7b03341f4f0e	dfa6870a-c1c9-4df2-8b63-2c31e2123b0a	Jamón y Queso	18	1194.4444444444443	599.0833333333334	21500	2026-04-30 15:25:01.867701+00	2026-04-30 15:25:01.867701+00
b3a160f0-5dc7-4b0b-b8c2-796eb1a5dd40	24570c1b-fdd8-4b59-8683-7b03341f4f0e	9c409d80-9537-411f-80a5-bd7a0e4c62ea	Criolla Salada	21	1333.3333333333333	691.1633333333333	28000	2026-04-30 15:25:01.867701+00	2026-04-30 15:25:01.867701+00
5956d5d5-46b5-4786-9e2e-a67b7b5dee7f	24570c1b-fdd8-4b59-8683-7b03341f4f0e	01551ba9-ce70-471c-b3c9-e1ec57202ca1	Criolla dulce	21	1319.047619047619	855.9283333333333	27700	2026-04-30 15:25:01.867701+00	2026-04-30 15:25:01.867701+00
f3bb8cc0-c123-4e63-a5a5-a002bce97c44	19d507e9-77f7-4255-8398-a1bcd2abf6e5	186f546e-2e29-4953-ac60-54f56e466703	Hongos	12	1291.6666666666667	692.375	15500	2026-04-30 15:27:23.460916+00	2026-04-30 15:27:23.460916+00
b902674e-2f0f-4422-9ddf-74286b8c0ddd	86d9d415-90f3-4fb9-ac5d-80c4517da824	b79541a1-4e87-4cd2-9dbf-e4e1eda6d266	Salteña	12	1333.3333333333333	885.875	16000	2026-04-30 16:51:52.924542+00	2026-04-30 16:51:52.924542+00
2d7cb351-804e-488e-88e5-fd82a6e0104f	8671e4fe-90e5-4f76-8b47-2dbe51ab6e9f	b79541a1-4e87-4cd2-9dbf-e4e1eda6d266	Salteña	24	1333.3333333333333	885.875	32000	2026-04-30 19:03:20.031137+00	2026-04-30 19:03:20.031137+00
4672abf3-8b2e-4e27-b3f4-16120dc9e38e	8671e4fe-90e5-4f76-8b47-2dbe51ab6e9f	dfa6870a-c1c9-4df2-8b63-2c31e2123b0a	Jamón y Queso	12	1166.6666666666667	599.0833333333334	14000	2026-04-30 19:03:20.031137+00	2026-04-30 19:03:20.031137+00
560a9749-34df-490f-ab60-033c5549847a	1cbc81b7-e1c9-42a0-9937-bd9560171c8a	dfa6870a-c1c9-4df2-8b63-2c31e2123b0a	Jamón y Queso	6	1250	599.0833333333334	7500	2026-04-30 23:09:01.906795+00	2026-04-30 23:09:01.906795+00
092ff155-dc91-40f0-a3bd-b2365278f3eb	1cbc81b7-e1c9-42a0-9937-bd9560171c8a	01551ba9-ce70-471c-b3c9-e1ec57202ca1	Criolla dulce	6	1333.3333333333333	855.9283333333333	8000	2026-04-30 23:09:01.906795+00	2026-04-30 23:09:01.906795+00
194f079f-5f09-4bab-bff1-3524d2fb1bed	1cbc81b7-e1c9-42a0-9937-bd9560171c8a	b79541a1-4e87-4cd2-9dbf-e4e1eda6d266	Salteña	6	1333.3333333333333	885.875	8000	2026-04-30 23:09:01.906795+00	2026-04-30 23:09:01.906795+00
25926099-6d1d-40d5-b04c-b052684f9e39	1cbc81b7-e1c9-42a0-9937-bd9560171c8a	186f546e-2e29-4953-ac60-54f56e466703	Hongos	6	1250	692.375	7500	2026-04-30 23:09:01.906795+00	2026-04-30 23:09:01.906795+00
4fb79cac-ff09-4c2a-a091-547b86e23fc9	2370fcc2-ebdc-4981-a83f-a0a4795ed719	dfa6870a-c1c9-4df2-8b63-2c31e2123b0a	Jamón y Queso	3	1200	599.0833333333334	3600	2026-04-30 23:10:46.298381+00	2026-04-30 23:10:46.298381+00
f014d29b-7d54-4cb2-a513-482ebd05ad0d	2370fcc2-ebdc-4981-a83f-a0a4795ed719	186f546e-2e29-4953-ac60-54f56e466703	Hongos	2	1400	692.375	2800	2026-04-30 23:10:46.298381+00	2026-04-30 23:10:46.298381+00
467a8cc7-3e22-4a2e-a4b2-c4a80165e205	2370fcc2-ebdc-4981-a83f-a0a4795ed719	b79541a1-4e87-4cd2-9dbf-e4e1eda6d266	Salteña	2	1500	885.875	3000	2026-04-30 23:10:46.298381+00	2026-04-30 23:10:46.298381+00
3b9cb1d3-ecdf-49c1-bc52-940dfcd1a814	2370fcc2-ebdc-4981-a83f-a0a4795ed719	01551ba9-ce70-471c-b3c9-e1ec57202ca1	Criolla dulce	3	1400	855.9283333333333	4200	2026-04-30 23:10:46.298381+00	2026-04-30 23:10:46.298381+00
a332489a-16e5-4876-bf78-9e3861149837	2370fcc2-ebdc-4981-a83f-a0a4795ed719	8b90b53f-8c38-4064-a515-2cee69ac7c80	Caprese	2	1500	354.4166666666667	3000	2026-04-30 23:10:46.298381+00	2026-04-30 23:10:46.298381+00
405b75ec-2232-431b-80fb-db36292ac664	cad34578-eaa6-44ec-9d57-a98f8dfa5f3a	b79541a1-4e87-4cd2-9dbf-e4e1eda6d266	Salteña	6	1333.3333333333333	885.875	8000	2026-05-02 14:30:26.323157+00	2026-05-02 14:30:26.323157+00
50e9a9ea-db0b-4f9d-9a3b-680931e99386	cad34578-eaa6-44ec-9d57-a98f8dfa5f3a	9c409d80-9537-411f-80a5-bd7a0e4c62ea	Criolla Salada	6	1333.3333333333333	691.1633333333333	8000	2026-05-02 14:30:26.323157+00	2026-05-02 14:30:26.323157+00
82892ffc-bc27-4a13-a24b-ebab818b1e97	8831a44e-fa81-4296-ae8c-7c5d7849e4e9	b79541a1-4e87-4cd2-9dbf-e4e1eda6d266	Salteña	18	1333.3333333333333	885.875	24000	2026-05-02 15:46:53.495996+00	2026-05-02 15:46:53.495996+00
f2a673ad-d4bb-43d2-a063-c432ba51a66b	ada22e52-87ac-4437-a45f-0748164b7688	01551ba9-ce70-471c-b3c9-e1ec57202ca1	Criolla dulce	12	1291.6666666666667	855.9283333333333	15500	2026-05-02 18:45:08.659166+00	2026-05-02 18:45:08.659166+00
f65ef725-e449-4b0e-845a-3d3ea201d233	ada22e52-87ac-4437-a45f-0748164b7688	dfa6870a-c1c9-4df2-8b63-2c31e2123b0a	Jamón y Queso	6	1250	599.0833333333334	7500	2026-05-02 18:45:08.659166+00	2026-05-02 18:45:08.659166+00
a18ed354-fef2-4682-9f2a-4ecf2664697a	e88b3621-dff7-4818-802b-c80432996cd1	b79541a1-4e87-4cd2-9dbf-e4e1eda6d266	Salteña	3	1500	885.875	4500	2026-05-02 22:03:07.951493+00	2026-05-02 22:03:07.951493+00
42d519e2-d984-4fc7-a72d-04f807169c7c	e88b3621-dff7-4818-802b-c80432996cd1	01551ba9-ce70-471c-b3c9-e1ec57202ca1	Criolla dulce	3	1400	855.9283333333333	4200	2026-05-02 22:03:07.951493+00	2026-05-02 22:03:07.951493+00
8c98e2d7-fd2c-4081-bf8b-021b9ca089de	e88b3621-dff7-4818-802b-c80432996cd1	9c409d80-9537-411f-80a5-bd7a0e4c62ea	Criolla Salada	3	1500	691.1633333333333	4500	2026-05-02 22:03:07.951493+00	2026-05-02 22:03:07.951493+00
b562a701-ad90-4e0d-a70c-b71dcf0615bd	e88b3621-dff7-4818-802b-c80432996cd1	dfa6870a-c1c9-4df2-8b63-2c31e2123b0a	Jamón y Queso	3	1200	599.0833333333334	3600	2026-05-02 22:03:07.951493+00	2026-05-02 22:03:07.951493+00
a4936b15-b285-453d-9c80-3a9bab937ab6	05672850-e3a7-4a35-919e-3b57a8f2091e	186f546e-2e29-4953-ac60-54f56e466703	Hongos	3	1400	692.375	4200	2026-05-02 22:06:13.456531+00	2026-05-02 22:06:13.456531+00
d39b4722-cca1-4ab6-9a07-e00f1e49ab02	05672850-e3a7-4a35-919e-3b57a8f2091e	b79541a1-4e87-4cd2-9dbf-e4e1eda6d266	Salteña	3	1500	885.875	4500	2026-05-02 22:06:13.456531+00	2026-05-02 22:06:13.456531+00
34624dea-bf46-4818-8d22-0123c87bc03f	73a8106b-6ceb-4171-8eed-9f53d81decd1	b79541a1-4e87-4cd2-9dbf-e4e1eda6d266	Salteña	18	1333.3333333333333	885.875	24000	2026-05-03 00:03:58.710034+00	2026-05-03 00:03:58.710034+00
b329afc2-1563-421a-b4d4-274bc653a83b	73a8106b-6ceb-4171-8eed-9f53d81decd1	dfa6870a-c1c9-4df2-8b63-2c31e2123b0a	Jamón y Queso	6	1250	599.0833333333334	7500	2026-05-03 00:03:58.710034+00	2026-05-03 00:03:58.710034+00
626b0cf0-f4bb-4c1e-94d2-f3345e970069	73a8106b-6ceb-4171-8eed-9f53d81decd1	01551ba9-ce70-471c-b3c9-e1ec57202ca1	Criolla dulce	12	1291.6666666666667	855.9283333333333	15500	2026-05-03 00:03:58.710034+00	2026-05-03 00:03:58.710034+00
03192e87-df5e-418a-9825-8b5cf1db3943	6512e267-89ba-4d8c-8c92-89e81545a929	01551ba9-ce70-471c-b3c9-e1ec57202ca1	Criolla dulce	3	1400	855.9283333333333	4200	2026-05-03 13:47:30.233733+00	2026-05-03 13:47:30.233733+00
2483e17c-e38c-462f-9a00-4c133e155c8a	6512e267-89ba-4d8c-8c92-89e81545a929	c6b463d1-caf5-4469-84ff-4f510886bc64	Humita	3	1400	508.1233333333333	4200	2026-05-03 13:47:30.233733+00	2026-05-03 13:47:30.233733+00
16364778-4023-4778-9a95-6e64d5534219	442442ca-804c-4331-b8f2-74d2b28e760d	c6b463d1-caf5-4469-84ff-4f510886bc64	Humita	3	1400	508.1233333333333	4200	2026-05-03 20:45:10.373399+00	2026-05-03 20:45:10.373399+00
c9bbd527-c633-4e05-b190-ffc4dfe8997a	442442ca-804c-4331-b8f2-74d2b28e760d	186f546e-2e29-4953-ac60-54f56e466703	Hongos	3	1400	692.375	4200	2026-05-03 20:45:10.373399+00	2026-05-03 20:45:10.373399+00
d1c87980-bd62-4aa5-b1c2-dca577a818f5	442442ca-804c-4331-b8f2-74d2b28e760d	01551ba9-ce70-471c-b3c9-e1ec57202ca1	Criolla dulce	3	1400	855.9283333333333	4200	2026-05-03 20:45:10.373399+00	2026-05-03 20:45:10.373399+00
b48ca457-842b-49ba-99fd-b14ca05dc0d7	442442ca-804c-4331-b8f2-74d2b28e760d	dfa6870a-c1c9-4df2-8b63-2c31e2123b0a	Jamón y Queso	3	1200	599.0833333333334	3600	2026-05-03 20:45:10.373399+00	2026-05-03 20:45:10.373399+00
0173ccdd-c5fe-4463-944a-7078ee3cb219	ac93cb04-c2cf-45fa-9fb2-1577c52c67e2	9c409d80-9537-411f-80a5-bd7a0e4c62ea	Criolla Salada	12	1291.6666666666667	691.1633333333333	15500	2026-05-08 21:05:14.193935+00	2026-05-08 21:05:14.193935+00
7e29832a-06e9-47a7-8ae9-03c8eeb11815	00f91fa4-6c6b-4e60-a612-41ab73e25306	01551ba9-ce70-471c-b3c9-e1ec57202ca1	Criolla dulce	8	1350	855.9283333333333	10800	2026-05-08 21:05:41.291163+00	2026-05-08 21:05:41.291163+00
4fc5672a-9792-461f-a539-809d6ab1f6b0	b4797577-08eb-4bb9-8f58-2c4338d4f4cb	b79541a1-4e87-4cd2-9dbf-e4e1eda6d266	Salteña	6	1333.3333333333333	885.875	8000	2026-05-03 23:40:49.332084+00	2026-05-03 23:40:49.332084+00
d016d3bd-d483-4aa6-81f4-06b031098a6b	b4797577-08eb-4bb9-8f58-2c4338d4f4cb	9c409d80-9537-411f-80a5-bd7a0e4c62ea	Criolla Salada	6	1333.3333333333333	691.1633333333333	8000	2026-05-03 23:40:49.332084+00	2026-05-03 23:40:49.332084+00
007b99b9-e1db-4cc9-964f-d712631f9435	84a16cb2-525c-4e87-b0b4-0309f36169fb	186f546e-2e29-4953-ac60-54f56e466703	Hongos	6	1250	692.375	7500	2026-05-03 23:44:38.626186+00	2026-05-03 23:44:38.626186+00
52542372-6736-4f55-a017-0e266f5eb0cf	84a16cb2-525c-4e87-b0b4-0309f36169fb	b79541a1-4e87-4cd2-9dbf-e4e1eda6d266	Salteña	6	1333.3333333333333	885.875	8000	2026-05-03 23:44:38.626186+00	2026-05-03 23:44:38.626186+00
2b225208-114c-42c2-902f-2009c7a8a6e3	00f91fa4-6c6b-4e60-a612-41ab73e25306	186f546e-2e29-4953-ac60-54f56e466703	Hongos	2	1400	692.375	2800	2026-05-08 21:05:41.291163+00	2026-05-08 21:05:41.291163+00
b0de734c-587e-4389-b03c-3a43208e6aa8	00f91fa4-6c6b-4e60-a612-41ab73e25306	8b90b53f-8c38-4064-a515-2cee69ac7c80	Caprese	2	1500	354.4166666666667	3000	2026-05-08 21:05:41.291163+00	2026-05-08 21:05:41.291163+00
83d9606f-dd03-4316-90c5-296d4d3b3604	9b0c38e1-711d-42d4-a8a7-4801ff57e685	dfa6870a-c1c9-4df2-8b63-2c31e2123b0a	Jamón y Queso	12	1166.6666666666667	599.0833333333334	14000	2026-05-07 17:02:34.9872+00	2026-05-07 17:02:34.9872+00
8793e43b-6f25-42aa-a517-8adb03b3f60c	f7acff9f-b2e9-4f24-a8dc-6f63c160bf89	b79541a1-4e87-4cd2-9dbf-e4e1eda6d266	Salteña	6	1333.3333333333333	885.875	8000	2026-05-07 21:25:33.530183+00	2026-05-07 21:25:33.530183+00
7bc4b273-ad91-4fb3-bacd-dbeb04a0ee7a	f7acff9f-b2e9-4f24-a8dc-6f63c160bf89	01551ba9-ce70-471c-b3c9-e1ec57202ca1	Criolla dulce	3	1400	855.9283333333333	4200	2026-05-07 21:25:33.530183+00	2026-05-07 21:25:33.530183+00
3ba397aa-0f0a-414b-a1b2-e16ec3a917b5	bd29245d-9f53-43d1-86ec-eac06ff80f43	b79541a1-4e87-4cd2-9dbf-e4e1eda6d266	Salteña	12	1333.3333333333333	885.875	16000	2026-05-08 04:05:56.363371+00	2026-05-08 04:05:56.363371+00
6f4bee79-d1aa-4bbe-932e-73bed38156e7	4c7838f0-4153-4813-9316-453f12729f8f	dfa6870a-c1c9-4df2-8b63-2c31e2123b0a	Jamón y Queso	12	1166.6666666666667	599.0833333333334	14000	2026-05-08 04:09:29.90013+00	2026-05-08 04:09:29.90013+00
\.


--
-- Data for Name: orders; Type: TABLE DATA; Schema: public; Owner: -
--

COPY public.orders (id, client_id, customer_name_snapshot, status, channel, notes, subtotal_amount, discount_amount, total_amount, is_active, created_at, updated_at, delivery_date, payment_method, is_paid, customer_phone_snapshot, customer_address_snapshot, delivery_shift) FROM stdin;
bd76fc17-d4bd-431e-9c9b-dcfb85e09a21	8e6c05c8-ada2-452e-a69a-c87c381900ff	Tío Nelson	delivered	whatsapp	\N	11600	100	11500	t	2026-03-20 13:37:17.245244+00	2026-03-22 14:26:27.779+00	2026-03-21 03:00:00+00	cash	t	\N	\N	\N
33c28431-5404-4b8b-bef8-20b86003bb26	8e6c05c8-ada2-452e-a69a-c87c381900ff	Tío Nelson	delivered	whatsapp	\N	15500	500	15000	t	2026-03-27 22:49:30.346206+00	2026-04-02 01:40:03.278+00	2026-03-28 03:00:00+00	transfer	t	\N	\N	\N
b770c3f1-3266-417d-9256-c70416f30eda	8aea1086-2ff2-40b2-a0a7-e560384c3cc5	Edelma	delivered	whatsapp	\N	16000	1000	15000	t	2026-03-21 15:28:00.419736+00	2026-03-22 21:15:00.802+00	2026-03-22 00:00:00+00	cash	t	\N	\N	\N
b725142b-95e4-4bf0-9f07-36ab3e09780a	22447825-6746-4a18-b7c9-d7d5a0cd345a	Papá Eze	delivered	whatsapp	Papá Eze, para Viernes a las 21hs	15500	500	15000	t	2026-03-18 04:35:34.036489+00	2026-03-22 14:27:42.891+00	2026-03-21 00:00:00+00	cash	t	\N	\N	\N
5b3ede23-5956-46bf-9e0c-8d44f1797358	\N	Chochita	delivered	whatsapp	Chochita, sábado mediodía	16500	1500	15000	t	2026-03-18 16:08:39.900794+00	2026-03-21 18:08:07.838+00	2026-03-21 15:00:00+00	cash	t	\N	\N	\N
dfc4680a-d902-4249-b53b-589ea9b0e75d	\N	Zulema	delivered	whatsapp	Int Da Silva 674	15000	0	15000	t	2026-03-21 12:34:37.777207+00	2026-03-21 18:14:59.848+00	2026-03-21 15:00:00+00	cash	t	\N	\N	\N
74d51569-b2fd-4071-8b4a-fd341f6a5cc7	\N	Dany	delivered	whatsapp	\N	16000	1000	15000	t	2026-03-20 13:38:08.132898+00	2026-03-21 22:04:48.142+00	2026-03-21 20:00:00+00	cash	t	\N	\N	\N
7301ee2e-abd1-4430-a65d-c3460a800919	b2b11576-a478-4f6a-8272-c0e0644cebd9	Alicia	delivered	whatsapp	Sabado a la noche	15500	500	15000	t	2026-03-28 18:21:05.369202+00	2026-03-29 03:55:04.616+00	2026-03-29 00:00:00+00	cash	t	3537442686	Vieytes 134	\N
7d71d565-8bcd-4a3e-9cf8-bc6e65c842a2	09aa86e7-5f80-4539-879d-ec97c2d09fdc	Federico Arias	delivered	whatsapp	\N	31000	5000	26000	t	2026-03-25 17:59:10.139318+00	2026-03-25 17:59:35.57+00	2026-03-22 03:00:00+00	transfer	t	3517 05-3689	\N	\N
fc54706d-6b19-4ee8-92d5-da620df7f230	\N	Padre Sergio	delivered	whatsapp	Padre Sergio, sábado mediodía	15000	0	15000	t	2026-03-18 16:07:17.181142+00	2026-03-21 18:08:12.687+00	2026-03-21 15:00:00+00	cash	t	\N	\N	\N
7e041e49-ff0c-4d67-b8b3-ee621032c1d0	\N	Gabriela Cortese	delivered	whatsapp	intendente guillermo roldan 456	45500	3500	42000	t	2026-03-20 13:44:48.616325+00	2026-03-21 18:08:23.144+00	2026-03-21 15:00:00+00	transfer	t	\N	\N	\N
4c87943c-4331-4b3c-b0fc-fab44b8a7df6	e0ad61a0-2c08-459b-9251-1566c6e8980d	Abuela Bertha	delivered	local	Abuela	22500	500	22000	t	2026-03-18 04:42:17.394614+00	2026-03-22 21:16:31.749+00	2026-03-22 03:00:00+00	cash	t	\N	\N	\N
a24dde52-b52a-4d20-8e4a-c68d6e9808f9	\N	El bromas	delivered	whatsapp	Por la tarde, Marmol 1080	17100	2100	15000	t	2026-03-18 16:11:17.492602+00	2026-03-21 22:04:54.208+00	2026-03-21 03:00:00+00	transfer	t	\N	\N	\N
eb6a167b-097b-42bd-a7fd-f9555c3d4c63	\N	Myrian Galanti	delivered	whatsapp	\N	29500	0	29500	t	2026-03-20 18:15:35.524422+00	2026-03-22 17:51:06.771+00	2026-03-22 15:00:00+00	cash	t	\N	\N	\N
5421220b-c86c-4cfc-99ea-9fed81ce27a6	9df25628-ee37-4e5e-ad99-6ba40b014218	Zulema	delivered	whatsapp	\N	15500	0	15500	t	2026-03-27 13:26:39.540856+00	2026-03-29 03:55:06.348+00	2026-03-28 15:00:00+00	cash	t	\N	Int. da Silva 764	\N
ba807f75-489b-4593-b335-4df939d1ed0c	eabe9e6b-865e-49bc-be82-22b65eb550ce	Susana	delivered	whatsapp	\N	15000	0	15000	t	2026-03-28 03:26:00.610051+00	2026-03-28 20:00:57.896+00	2026-03-28 15:00:00+00	cash	t	3537584063	Matterson 772	\N
1803550a-4a0a-4abc-a6e7-3bc7d62aa8fc	ca0f0227-fad2-43f9-8009-14f9389bf4c3	Marisol	delivered	whatsapp	\N	15500	0	15500	t	2026-03-27 20:39:01.377007+00	2026-03-28 01:26:52.482+00	2026-03-28 00:00:00+00	transfer	t	\N	Alcorta 180	\N
db4bc375-46b3-457a-b418-67fefe263cab	a56bfc05-daae-4d3e-bd79-24d033ff346c	Nicolas Ramazzoti	delivered	whatsapp	\N	15500	0	15500	t	2026-03-21 22:00:27.14472+00	2026-03-22 14:23:09.367+00	2026-03-21 23:30:00+00	transfer	t	3537325821	Tacuarí 59	\N
f59adf6a-8ac1-4f87-a92a-8ade6b370ca3	6f45b7f1-bc62-49a2-a4e7-7b4f0d9caff3	Empleado El Coyote	delivered	local	\N	23500	500	23000	t	2026-03-21 21:59:01.312325+00	2026-03-23 19:43:01.794+00	2026-03-22 03:00:00+00	cash	t	\N	Alcorta 60	\N
8764d4a0-0f98-4cfe-8f53-84d8add78d75	\N	Fabián Electricista	delivered	whatsapp	Intendente Ruben Marquez 1021, horario comercial	14500	0	14500	t	2026-03-21 12:33:48.575246+00	2026-03-22 14:23:24.339+00	2026-03-21 03:00:00+00	cash	t	\N	\N	\N
06b0e114-e48f-48c1-a62e-b1ac7f5c161a	\N	Pablo Carri	delivered	whatsapp	\N	44500	2500	42000	t	2026-03-20 13:47:29.642622+00	2026-03-22 14:23:36.591+00	2026-03-21 03:00:00+00	cash	t	\N	\N	\N
32d7a54e-4f0c-4948-94e7-d4175c065f1b	befed8ad-cd75-4bf8-bece-9038f2aa0630	Pousa	delivered	whatsapp	\N	8000	0	8000	t	2026-03-27 12:34:20.082946+00	2026-03-28 01:27:03.199+00	2026-03-28 03:00:00+00	transfer	t	\N	\N	\N
4668fbb8-0179-410a-8c4c-babaacb79245	9edf195d-1e96-4259-b5a2-3fcd515badc0	Griselda Pepicelli	delivered	whatsapp	\N	15500	500	15000	t	2026-03-27 12:33:51.778239+00	2026-03-28 15:51:02.454+00	2026-03-28 15:00:00+00	cash	t	3537592501	\N	\N
b472dd27-4eab-42d0-b0c0-ddffb8340742	3ed5ff1c-e15d-441c-8619-af7f8c3d96d4	Aldair	delivered	whatsapp	Novio Luz	28000	2000	26000	t	2026-03-22 14:28:20.325366+00	2026-03-23 19:43:12.263+00	2026-03-23 03:00:00+00	transfer	t	\N	\N	\N
19ae51f8-5bb9-4ac6-8ca2-df0cc61869e2	232c8765-08a7-4a79-903b-3a3c2dd9a7c1	Nacho Oliva	delivered	whatsapp	Duendela	15500	0	15500	t	2026-04-02 01:50:30.735763+00	2026-04-03 16:07:32.026+00	2026-04-04 00:00:00+00	transfer	t	\N	\N	\N
44c6361e-d323-450a-9ae8-8113b498ad30	bbee196b-1ca6-4526-883b-fcd9f58d0601	Mari	delivered	whatsapp	\N	32700	7700	25000	t	2026-03-21 12:35:42.757183+00	2026-03-23 19:43:18.665+00	2026-03-22 03:00:00+00	transfer	t	\N	\N	\N
2ca3349e-5b66-4c35-adeb-273bfcea92d4	\N	Ramona	delivered	whatsapp	Ramona	15500	0	15500	t	2026-03-18 04:40:27.317694+00	2026-03-22 14:24:21.18+00	2026-03-22 03:00:00+00	cash	t	\N	\N	\N
98fae4d2-19f8-40db-a46b-e3ca43a0f945	\N	El Paisa	delivered	whatsapp	El paisa	16000	1000	15000	t	2026-03-18 04:34:59.599806+00	2026-03-22 14:24:23.917+00	2026-03-21 03:00:00+00	cash	t	\N	\N	\N
e94247da-6ba7-4bfe-833a-57b17e818b7c	eff142ee-da2d-4e7e-8b5d-d14243bf93ec	Flama	delivered	whatsapp	\N	16800	0	16800	t	2026-03-21 22:15:02.741485+00	2026-03-23 19:45:07.555+00	2026-03-22 03:00:00+00	cash	t	3515338388	Córdoba	\N
280add96-9e04-4a96-b242-b72f9eaa72cc	5d4ba1d3-7034-4870-b1d8-60926a08c2ee	Arduino	delivered	whatsapp	Surtidas	16500	2000	14500	t	2026-03-22 14:26:13.4663+00	2026-03-22 19:06:58.811+00	2026-03-21 03:00:00+00	cash	t	3537667107	\N	\N
6989e28a-533e-49ec-8f12-acfedd79eb10	18449881-0b40-48bd-a784-92e95eb6ca9d	Graciela Quiroga	delivered	whatsapp	\N	8000	0	8000	t	2026-03-20 13:49:01.155573+00	2026-03-23 19:45:08.695+00	2026-03-22 03:00:00+00	cash	t	\N	\N	\N
67e1d4b9-a6c0-47f9-92ff-a29149f7a4ab	2f07784c-5371-4465-8a0f-ebfbe5273a0f	Horacio Stanfield	delivered	whatsapp	\N	15000	0	15000	t	2026-03-27 12:31:40.150248+00	2026-03-28 01:27:08.514+00	2026-03-27 03:00:00+00	cash	t	3537319816	Dean Funes 282	\N
d8bcb3d8-205b-40f6-a4df-fac828235605	27f6fda4-a85c-488b-b053-1e2cb0e4c05e	Vale Vasquez	delivered	whatsapp	Cualquier día	44500	2500	42000	t	2026-04-02 01:45:13.59378+00	2026-04-08 21:41:35.624+00	2026-04-05 03:00:00+00	cash	t	\N	\N	\N
8ddde3ec-c5ca-492c-8e6f-0eb0c6c6548c	5a0b4b1d-10be-4b69-a91d-016239e34169	Maríamelia Chiappero	delivered	whatsapp	\N	15500	0	15500	t	2026-03-28 22:05:48.989034+00	2026-03-29 19:37:26.282+00	2026-03-28 03:00:00+00	cash	t	\N	\N	\N
5b289bbd-83ff-40ee-941e-72711d2c4f48	369738bb-14f8-430a-b5fd-52f2790770fb	Laura Maldonado	delivered	whatsapp	\N	45000	3000	42000	t	2026-03-27 12:32:48.483604+00	2026-03-29 19:37:28.029+00	2026-03-28 03:00:00+00	cash	t	\N	\N	\N
8f9d651a-472b-48dc-bb41-7e1453fdd296	d1917495-8c22-4083-b078-9d69877ffcfb	Pini	delivered	whatsapp	A la noche, 9pm	17200	2200	15000	t	2026-04-02 01:52:24.452627+00	2026-04-03 13:08:05.097+00	2026-04-02 03:00:00+00	cash	t	3517026569	Gral Paz	\N
71746fe9-b8d1-4f65-94cf-0c19c415ab8f	2bf3575b-6306-49b4-a8b6-450ec8a5be50	Cristina	delivered	whatsapp	\N	45500	3500	42000	t	2026-04-02 01:56:01.63677+00	2026-04-03 13:08:02.033+00	2026-04-03 20:00:00+00	cash	t	\N	\N	\N
b43e196e-e72c-4737-a3ef-9c67c25e0f2a	9df25628-ee37-4e5e-ad99-6ba40b014218	Zulema	delivered	whatsapp	\N	17200	2200	15000	t	2026-04-02 01:55:10.779927+00	2026-04-03 13:08:03.571+00	2026-04-02 22:00:00+00	cash	t	\N	Int. da Silva 764	\N
853e021d-b137-4ff4-966d-530634239d21	26f329a5-df7f-49aa-bbba-8a2081b53466	Luz Bello	delivered	whatsapp	Semana que viene	17200	2200	15000	t	2026-04-02 01:47:40.113783+00	2026-04-18 23:47:26.295+00	2026-04-11 03:00:00+00	transfer	t	\N	\N	noche
895f2283-d073-4382-887f-e639643022c7	358e4d28-3216-4d36-9c47-6aa21a01ee9b	Mabel	delivered	whatsapp	\N	15500	500	15000	t	2026-04-02 01:56:41.604546+00	2026-04-02 15:19:37.762+00	2026-04-02 14:00:00+00	cash	t	\N	Constitución 187	\N
321d1e43-5e77-44a4-8888-db33be75b6f8	c9095480-85d0-48c2-a916-10a42b644f42	Margarita	delivered	whatsapp	\N	15000	0	15000	t	2026-04-02 01:53:51.985543+00	2026-04-04 16:00:53.263+00	2026-04-04 03:00:00+00	transfer	t	3537326090	\N	\N
78111e32-034e-446d-9996-7862bf4c009e	2e93493e-784d-4e2e-8956-86c5b6774f2a	Claudia Antonelli	delivered	whatsapp	\N	16600	1600	15000	t	2026-04-02 01:48:53.902806+00	2026-04-02 04:51:46.956+00	\N	cash	t	\N	\N	\N
e5c1d317-9dc1-4946-a261-7528727d3ac1	0929f25d-6502-488c-9464-fa3689629aa7	Adriana	delivered	whatsapp	\N	38500	500	38000	t	2026-04-02 02:00:19.027402+00	2026-04-02 14:54:02.539+00	2026-04-02 14:00:00+00	transfer	t	\N	\N	\N
eeb9c3fc-0c3c-4f40-b2ed-f48c3c424cc3	7a8ee74e-17ec-4a43-83e9-d1dfc9ab6a2d	Noelia	delivered	whatsapp	\N	15800	800	15000	t	2026-04-02 01:57:46.257545+00	2026-04-02 04:51:43.776+00	\N	transfer	t	\N	Julian paz 796	\N
f1ce60c9-4a93-4a12-9d05-5551a9bd2472	aaa7b5c6-f6df-4406-9a62-1059453d38e5	Fabi	delivered	whatsapp	GRATIS	15500	15500	0	t	2026-04-21 23:28:52.742872+00	2026-04-24 22:18:29.688+00	2026-04-24 03:00:00+00	transfer	t	\N	\N	tarde
82a71185-3784-42c5-8886-d351cb90d2c0	dabb485f-956f-4bd3-8a49-c666721708f7	Vanesa Molinero	delivered	whatsapp	\N	16000	1000	15000	t	2026-04-18 14:50:28.101329+00	2026-04-21 23:27:31.595+00	2026-04-18 03:00:00+00	cash	t	\N	Marmol 1081	tarde
90bd85b4-e1f4-4117-a9bb-ce2aba9698ca	18449881-0b40-48bd-a784-92e95eb6ca9d	Graciela Quiroga	delivered	whatsapp	Combinada surtidas sin confirma4	8000	0	8000	t	2026-04-18 14:48:29.674479+00	2026-04-21 23:27:32.311+00	\N	cash	t	\N	\N	tarde
9ae183ab-3401-4b8b-834e-30e7e5ec5247	9df25628-ee37-4e5e-ad99-6ba40b014218	Zulema	delivered	whatsapp	\N	15500	0	15500	t	2026-04-18 14:47:20.393916+00	2026-04-21 23:27:32.761+00	2026-04-18 03:00:00+00	cash	t	\N	Int. da Silva 764	tarde
d1c552fe-d7a2-406f-bf29-f9a711a9c519	7a5aade6-35b2-4d68-be3d-b93177e4e1f4	Martin Casas	delivered	whatsapp	\N	15500	0	15500	t	2026-04-02 05:16:55.420645+00	2026-04-02 05:17:00.515+00	2026-04-02 03:00:00+00	cash	t	\N	\N	\N
64c09700-dbdb-4df8-bd70-c5b4e8e5a419	44433831-7614-49b6-8fa6-cf197e736509	Eze Cuate	delivered	whatsapp	\N	31200	2200	29000	t	2026-04-02 16:55:35.993772+00	2026-04-03 16:07:00.639+00	2026-04-03 15:00:00+00	cash	t	3537606366	Alem 39	\N
2af8fd17-16ff-4552-b20f-c09e6c63e6d4	e31761ab-b2be-4861-a67f-bd9b4a021019	Varatto	delivered	local	\N	16000	0	16000	t	2026-04-18 23:46:01.763164+00	2026-04-18 23:46:07.858+00	2026-04-18 03:00:00+00	cash	t	\N	\N	noche
26a7916e-14f8-41aa-8956-09e27e93d0a1	978523f6-fff5-460b-95cf-39097eebfacc	Elvira Merino	delivered	whatsapp	Viernes entre las 11 y 11.30	17200	2200	15000	t	2026-04-02 05:04:40.177297+00	2026-04-03 16:07:37.256+00	2026-04-03 14:15:00+00	transfer	t	3537664408	Irigoyen 626	\N
d3bcc87f-f81b-47eb-8fbb-30b783fdf36c	963bfccc-4903-41c9-a2b3-213af83efa03	Chochita	delivered	whatsapp	\N	30000	0	30000	t	2026-04-02 14:10:30.937731+00	2026-04-03 16:09:14.007+00	2026-04-03 15:00:00+00	cash	t	\N	\N	\N
14e22565-9204-460d-94d1-56c9e8f9547d	5a0b4b1d-10be-4b69-a91d-016239e34169	Maríamelia Chiappero	delivered	whatsapp	\N	47600	5600	42000	t	2026-04-02 04:54:32.753498+00	2026-04-03 16:09:15.139+00	2026-04-03 15:00:00+00	cash	t	\N	\N	\N
68fb177b-9c9c-40ae-8337-9e1c71a96c0d	62a69a51-7d20-4871-809a-557c3e75b50b	Laurita	delivered	whatsapp	\N	15000	0	15000	t	2026-04-02 14:38:19.310386+00	2026-04-03 16:09:18.174+00	2026-04-03 15:00:00+00	cash	t	\N	\N	\N
d284464a-8750-43fe-a5b7-1ca5aa53e7fc	61bd252b-c148-403e-899d-0f31bed38709	Flor Maldonado	delivered	whatsapp	Hongos y Atún sin tac	23000	0	23000	t	2026-04-02 17:41:41.031821+00	2026-04-03 16:09:46.474+00	2026-04-03 03:00:00+00	transfer	t	\N	\N	\N
c3bc1511-08dd-4761-8339-76f006e65582	216dbd7e-ad7c-4a9d-b9ad-7a97c40a5253	Titina Roja	delivered	whatsapp	\N	24000	2000	22000	t	2026-04-02 14:09:48.609228+00	2026-04-02 16:58:55.084+00	2026-04-02 15:00:00+00	transfer	t	\N	Italia 198	\N
51052ba3-2f6e-4170-ae6a-17fba80f9edd	b37057f0-f13a-48de-89c9-c7bec79fb297	Maria Contrera	delivered	local	\N	15500	0	15500	t	2026-04-18 23:46:34.080631+00	2026-04-18 23:46:43.564+00	2026-04-18 03:00:00+00	cash	t	\N	\N	noche
2375224b-5b83-481c-921b-c0431bfa7257	eabe9e6b-865e-49bc-be82-22b65eb550ce	Susana	delivered	whatsapp	\N	16000	0	16000	t	2026-04-10 14:42:23.800273+00	2026-04-11 17:10:32.596+00	2026-04-11 03:00:00+00	cash	t	3537584063	Matterson 772	mediodia
679ea6fd-b468-4170-949c-6845fde97921	c9095480-85d0-48c2-a916-10a42b644f42	Margarita	delivered	whatsapp	\N	15500	0	15500	t	2026-04-22 23:49:16.962154+00	2026-04-25 15:29:30.558+00	2026-04-24 03:00:00+00	cash	t	3537326090	\N	noche
fc3a4ad4-f4a3-4156-8562-fee76dfe12f0	e0ad61a0-2c08-459b-9251-1566c6e8980d	Abuela Berta	delivered	whatsapp	\N	15500	0	15500	t	2026-04-09 22:22:23.7908+00	2026-04-18 23:48:04.605+00	2026-04-11 03:00:00+00	cash	t	3537588458	Marcos Juarez 443	noche
e33319c7-82dd-4b4e-8548-7344fabd906a	33e55a41-ae9e-42d8-86e7-fff1d0c51ee5	Emi Valfre	delivered	whatsapp	\N	16600	1600	15000	t	2026-04-09 22:26:52.112827+00	2026-04-11 21:57:41.619+00	2026-04-11 03:00:00+00	transfer	t	3537330287	\N	noche
8abce7a2-fc30-4b80-8d13-e416f150529a	7a8ee74e-17ec-4a43-83e9-d1dfc9ab6a2d	Noelia Mayorga	delivered	whatsapp	\N	16200	1200	15000	t	2026-04-03 16:11:42.913634+00	2026-04-03 16:11:53.572+00	2026-04-02 03:00:00+00	transfer	t	3537 65-2205	Julian paz 796	\N
beb5c495-5c08-4e67-9eec-f0d4233bcf0d	41234231-d688-4f6d-898d-c339a8f1bb1f	Myriam Galanti	delivered	whatsapp	\N	71700	11700	60000	t	2026-04-10 20:58:17.405061+00	2026-04-18 23:48:12.128+00	2026-04-11 03:00:00+00	transfer	t	3537443423	Brasil 120	tarde
6ad35c4c-0aea-4e36-87e6-4ecd61ff7c30	afc44a80-eb3e-4e63-8925-9435956b8a96	Papá Roberto	delivered	whatsapp	\N	15000	0	15000	t	2026-04-04 15:55:21.306945+00	2026-04-04 15:55:30.241+00	2026-04-04 03:00:00+00	cash	t	\N	\N	\N
6e4934b4-ba13-4601-8feb-5c2a4bbff1e2	ed425609-708a-48b3-9b92-15a9febd9025	Magda Romero	delivered	whatsapp	Canje por Rogel	16800	16800	0	t	2026-04-02 14:43:58.323754+00	2026-04-04 15:58:09.6+00	2026-04-03 15:00:00+00	cash	t	\N	\N	\N
21a0a24b-ae04-4f09-866f-d433ff5c9a5e	ef1829e3-d3c5-4107-a605-429985914389	Pau Tazzioli	delivered	whatsapp	$8.500	8000	0	8000	t	2026-04-11 16:57:45.25644+00	2026-04-18 23:48:28.763+00	2026-04-11 03:00:00+00	transfer	t	\N	Lion Tech	tarde
51333824-8746-4c3e-90f5-79fb188431e6	78a62153-ff55-42a1-973f-a947e88c19e9	Damian Macchi	delivered	whatsapp	\N	16400	1400	15000	t	2026-04-11 17:03:48.543376+00	2026-04-18 23:49:22.326+00	2026-04-11 03:00:00+00	cash	t	3516536051	\N	tarde
985e5cad-ebec-4d35-bb30-4d991fadf5a2	1ce9f380-282e-489f-9afa-a3bd940ac583	Laura Goffre	delivered	whatsapp	Capresse	16700	1700	15000	t	2026-04-22 15:56:07.481797+00	2026-04-25 15:39:11.843+00	2026-04-24 03:00:00+00	transfer	t	\N	\N	tarde
2a4dfca1-27cc-43ab-b5a7-16c9b16b9682	18ed44f1-b8a6-4fff-b9d5-daf097639b61	Mari Crepin	delivered	whatsapp	\N	15500	500	15000	t	2026-04-25 15:33:59.196245+00	2026-04-26 03:10:28.459+00	2026-04-25 03:00:00+00	cash	t	3537653305	Garay 567	mediodia
68375a87-4492-4e73-a041-86425d071197	62a69a51-7d20-4871-809a-557c3e75b50b	Laurita	delivered	whatsapp	\N	16000	0	16000	t	2026-04-22 15:54:21.576403+00	2026-04-26 03:11:15.057+00	2026-04-25 03:00:00+00	cash	t	\N	\N	mediodia
42ceb2e5-6398-4b92-aad6-e695aac88aa3	43f504b2-80f0-423b-9f3b-146b6a734ee3	Luciano	delivered	whatsapp	\N	15500	0	15500	t	2026-04-24 15:34:23.738885+00	2026-05-04 21:38:57.838+00	2026-04-24 03:00:00+00	transfer	t	\N	Rivadavia 762	tarde
dfea86b2-25d5-4a76-b4e0-d1c18ce98f38	7cacd85d-41a4-418e-9ec6-8de5f3b76f04	Ale samman	delivered	whatsapp	\N	17600	2600	15000	t	2026-04-24 16:23:41.823335+00	2026-04-30 00:37:32.888+00	2026-04-25 03:00:00+00	transfer	t	\N	\N	\N
1f9929d0-1121-405f-bf1a-17b38942787d	29effd22-3d2e-48c5-a2f2-fe29e3614ee1	Jorge Cittadini	delivered	whatsapp	\N	17000	2000	15000	t	2026-04-22 16:01:19.122208+00	2026-04-25 15:27:32.052+00	2026-04-24 03:00:00+00	cash	t	3537599187	\N	tarde
b49b5f49-9c89-4bbd-b325-aae988faba0e	b735bf83-f992-485a-a570-7cf8e45b8546	De Pauli	delivered	whatsapp	\N	16000	0	16000	t	2026-04-25 19:48:31.147492+00	2026-04-25 19:48:34.199+00	2026-04-24 03:00:00+00	cash	t	\N	\N	noche
d4b9952b-c52f-40cb-8885-b7d6ce20856e	b234822e-6fff-483e-8c83-00812c8a1270	Claudia	delivered	whatsapp	\N	17200	2200	15000	t	2026-04-26 03:12:52.803962+00	2026-04-26 03:13:18.133+00	2026-04-25 03:00:00+00	transfer	t	\N	Matterson 702	noche
3e2dfffd-d06a-497b-a22d-4cfe16a60520	eabe9e6b-865e-49bc-be82-22b65eb550ce	Susana	delivered	whatsapp	\N	16000	0	16000	t	2026-04-25 15:35:36.684027+00	2026-04-26 03:09:56.877+00	2026-04-25 03:00:00+00	cash	t	3537584063	Matterson 772	mediodia
5ac942f6-c6fb-482b-b813-db19df840f05	aaa7b5c6-f6df-4406-9a62-1059453d38e5	Fabi	delivered	whatsapp	\N	31000	1000	30000	t	2026-04-25 19:47:07.384541+00	2026-04-26 03:10:57.061+00	2026-04-25 03:00:00+00	cash	t	\N	Pje Garbani 527	tarde
9704b72c-7a44-4641-8b85-ca5ddfbf1bb3	3247b045-2753-4b10-b956-e02b9c8552b5	Patricia calvente	delivered	whatsapp	\N	15700	0	15700	t	2026-04-26 16:23:39.26649+00	2026-04-30 00:38:13.937+00	2026-04-25 03:00:00+00	transfer	t	3537302110	Matterson 702	noche
b52ab4a0-abad-4de2-a078-181300440749	ebf952c8-e9f9-4feb-8c97-6a12acf00fe8	Nicolas Hernan	delivered	whatsapp	\N	31500	0	31500	t	2026-04-26 16:20:41.446988+00	2026-04-30 00:37:47.263+00	2026-04-25 03:00:00+00	cash	t	3571328004	Vieytes 382	noche
497596d0-3e21-4995-b87c-78a433c6ade0	358e4d28-3216-4d36-9c47-6aa21a01ee9b	Mabel	delivered	whatsapp	\N	23500	0	23500	t	2026-04-26 16:15:49.502647+00	2026-04-30 00:37:39.673+00	2026-04-26 03:00:00+00	cash	t	\N	Constitución 187	tarde
d5e5d4f1-6a5e-4747-a272-64adbb323736	b89f0597-f9ca-4c83-bfa3-37760e21f118	Chipi	delivered	whatsapp	\N	17200	2200	15000	t	2026-04-30 00:42:04.394068+00	2026-05-02 14:27:10.132+00	2026-05-01 03:00:00+00	transfer	t	3537331034	Rivadavia	noche
a804147a-c7df-4476-83db-a47ee3165e97	141c92b4-f7f6-4929-aca9-7f1f1eb51a3e	Esteban Aguirre	delivered	whatsapp	\N	11700	0	11700	t	2026-04-27 00:26:03.326938+00	2026-04-30 00:42:36.505+00	2026-04-26 03:00:00+00	cash	t	\N	\N	noche
bb00dc95-a5e9-4552-9801-6bc8dfa113b5	e0ad61a0-2c08-459b-9251-1566c6e8980d	Abuela Berta	delivered	whatsapp	\N	23000	0	23000	t	2026-04-22 22:48:26.395576+00	2026-05-01 04:25:57.729+00	2026-04-24 03:00:00+00	cash	t	3537588458	Marcos Juarez 443	noche
2370fcc2-ebdc-4981-a83f-a0a4795ed719	85265480-4edc-4301-8c93-856319fa4a93	Lucho Ferraro	delivered	whatsapp	Llevar a la juntada	16600	1600	15000	t	2026-04-30 15:23:07.940211+00	2026-05-01 20:21:43.841+00	2026-05-01 03:00:00+00	cash	t	\N	\N	mediodia
bd29245d-9f53-43d1-86ec-eac06ff80f43	5a0b4b1d-10be-4b69-a91d-016239e34169	Maríamelia Chiappero	delivered	whatsapp	\N	16000	0	16000	t	2026-05-08 04:05:56.242847+00	2026-05-08 23:39:35.174+00	2026-05-08 03:00:00+00	transfer	t	3537337015	Derqui 201	noche
05672850-e3a7-4a35-919e-3b57a8f2091e	b89f0597-f9ca-4c83-bfa3-37760e21f118	Chipi	delivered	whatsapp	\N	8700	0	8700	t	2026-05-02 22:06:13.318028+00	2026-05-02 22:58:27.65+00	2026-05-02 03:00:00+00	transfer	t	3537331034	Rivadavia	tarde
8831a44e-fa81-4296-ae8c-7c5d7849e4e9	eabe9e6b-865e-49bc-be82-22b65eb550ce	Susana	delivered	whatsapp	\N	24000	0	24000	t	2026-05-02 15:46:53.373244+00	2026-05-02 22:58:36.282+00	2026-05-02 03:00:00+00	cash	t	3537584063	Matterson 772	tarde
86d9d415-90f3-4fb9-ac5d-80c4517da824	320fab1a-40f6-47db-9081-c81af4926a5d	Julio	delivered	whatsapp	\N	16000	0	16000	t	2026-04-30 16:51:52.805104+00	2026-05-01 20:22:01.479+00	2026-05-01 03:00:00+00	cash	t	\N	Bv Ascasubi 503	mediodia
4c7838f0-4153-4813-9316-453f12729f8f	0a2d108e-27af-41d6-ba88-25ab9426320f	Marta Avaro	delivered	whatsapp	$14.500 con envío	14000	0	14000	t	2026-05-08 04:08:14.700914+00	2026-05-08 23:40:08.516+00	2026-05-08 03:00:00+00	cash	t	3537300127	Belgrano 624	tarde
84a16cb2-525c-4e87-b0b4-0309f36169fb	1ce9f380-282e-489f-9afa-a3bd940ac583	Laura Goffre	delivered	whatsapp	\N	15500	0	15500	t	2026-05-03 23:44:38.470589+00	2026-05-04 06:12:42.581+00	2026-05-03 03:00:00+00	transfer	t	\N	\N	noche
442442ca-804c-4331-b8f2-74d2b28e760d	d8fead9f-3702-49f0-8389-19f997d7e665	Bruno	delivered	whatsapp	\N	16200	1200	15000	t	2026-05-03 20:44:51.632815+00	2026-05-04 21:38:53.735+00	2026-05-03 03:00:00+00	cash	t	\N	\N	noche
73a8106b-6ceb-4171-8eed-9f53d81decd1	9be2b836-b32c-4cee-b4e3-47ceadcf21ba	Olga Albera	delivered	whatsapp	COCINADAS 21:00HS	47000	4700	42300	t	2026-04-30 18:29:23.588903+00	2026-05-03 01:33:26.757+00	2026-05-02 03:00:00+00	cash	t	\N	\N	noche
19d507e9-77f7-4255-8398-a1bcd2abf6e5	b234822e-6fff-483e-8c83-00812c8a1270	Claudia Miguel	delivered	whatsapp	Cocinadas!!	15500	0	15500	t	2026-04-30 15:27:23.343006+00	2026-05-01 23:36:18.132+00	2026-05-01 03:00:00+00	transfer	t	3467414651	Cordoba 952	mediodia
cad34578-eaa6-44ec-9d57-a98f8dfa5f3a	e1b1026f-c000-44d2-ba58-a98103658c2e	Fermin Gomez	delivered	whatsapp	$16.500, con el envío	16000	0	16000	t	2026-05-02 14:29:43.475887+00	2026-05-02 16:25:14.998+00	2026-05-02 03:00:00+00	transfer	t	3537663328	Guillermo Roldán 1248	mediodia
1cbc81b7-e1c9-42a0-9937-bd9560171c8a	e542836d-bf66-47ce-9ee0-78035b55bf5f	Lily	delivered	whatsapp	Surtidas	31000	1000	30000	t	2026-04-30 16:48:44.378694+00	2026-04-30 23:23:04.099+00	2026-04-30 03:00:00+00	cash	t	\N	\N	noche
6512e267-89ba-4d8c-8c92-89e81545a929	358e4d28-3216-4d36-9c47-6aa21a01ee9b	Mabel Rojas	delivered	whatsapp	\N	8400	0	8400	t	2026-05-03 13:46:55.075624+00	2026-05-03 20:42:39.575+00	2026-05-03 03:00:00+00	transfer	t	3537	Constitución 187	mediodia
24570c1b-fdd8-4b59-8683-7b03341f4f0e	41234231-d688-4f6d-898d-c339a8f1bb1f	Myriam Galanti	delivered	whatsapp	Cocinadas, para evento en capilla al frente de la haedo	77200	7200	70000	t	2026-04-30 00:44:43.722264+00	2026-05-03 20:42:44.383+00	2026-05-03 03:00:00+00	transfer	t	3537443423	Brasil 120	mediodia
8671e4fe-90e5-4f76-8b47-2dbe51ab6e9f	27f6fda4-a85c-488b-b053-1e2cb0e4c05e	Vale Vasquez	delivered	whatsapp	\N	46000	4600	41400	t	2026-04-30 19:03:07.337663+00	2026-05-01 04:25:20.601+00	2026-04-30 03:00:00+00	cash	t	3537686187	TUCUMÁN 132	noche
054b4953-3fc3-49d3-8837-871aeb03382f	8e6c05c8-ada2-452e-a69a-c87c381900ff	Tío Nelson	delivered	whatsapp	Para las 20:45, $16.500 con envío	15500	500	15000	t	2026-05-08 20:58:30.457466+00	2026-05-08 23:41:38.302+00	2026-05-08 03:00:00+00	transfer	f	\N	\N	noche
e88b3621-dff7-4818-802b-c80432996cd1	4b7d749b-f8c7-44bc-9be8-01243432d280	Dani cachin	delivered	whatsapp	Antes de las 19hs	16800	1800	15000	t	2026-05-02 18:48:00.222555+00	2026-05-02 22:04:59.755+00	2026-05-02 03:00:00+00	transfer	t	3537300649	Faustino molina 379	noche
9b0c38e1-711d-42d4-a8a7-4801ff57e685	e4d97e61-7078-427c-b7f0-c6df7186385c	Juli celi	confirmed	whatsapp	Entregar cocinadas para las 21hs	14000	0	14000	t	2026-05-07 01:06:09.331731+00	2026-05-07 17:11:24.503+00	2026-05-09 03:00:00+00	cash	f	\N	\N	noche
b4797577-08eb-4bb9-8f58-2c4338d4f4cb	a56bfc05-daae-4d3e-bd79-24d033ff346c	Nicolas Ramazzoti	delivered	whatsapp	\N	16000	1000	15000	t	2026-05-03 22:36:13.143412+00	2026-05-03 23:41:12.279+00	2026-05-03 03:00:00+00	transfer	t	3537325821	Tacuarí 59	noche
f7acff9f-b2e9-4f24-a8dc-6f63c160bf89	ca0f0227-fad2-43f9-8009-14f9389bf4c3	Marisol	delivered	whatsapp	Entregar cocinadas para las 20.45hs	12200	200	12000	t	2026-05-07 17:11:09.764448+00	2026-05-08 01:50:44.719+00	2026-05-07 03:00:00+00	cash	t	\N	Tucuman 360	tarde
ada22e52-87ac-4437-a45f-0748164b7688	e4d97e61-7078-427c-b7f0-c6df7186385c	Juli celi	delivered	whatsapp	Entregar a las 20.30hs	23000	0	23000	t	2026-05-02 18:45:08.531632+00	2026-05-08 01:50:48.255+00	2026-05-04 03:00:00+00	transfer	t	\N	\N	noche
ac93cb04-c2cf-45fa-9fb2-1577c52c67e2	9df25628-ee37-4e5e-ad99-6ba40b014218	Zulema	confirmed	whatsapp	20:30 hs a punto, cocinadas.	15500	0	15500	t	2026-05-08 21:05:14.077779+00	2026-05-08 21:05:28.068+00	2026-05-09 03:00:00+00	cash	f	\N	Int. da Silva 764	noche
00f91fa4-6c6b-4e60-a612-41ab73e25306	8aea1086-2ff2-40b2-a0a7-e560384c3cc5	Edelma	confirmed	whatsapp	Cocinadas	16600	100	16500	t	2026-05-08 20:56:20.778681+00	2026-05-08 21:05:41.351+00	2026-05-09 03:00:00+00	cash	f	3537563533	\N	noche
46bfedb0-4388-4f78-99e0-459de10af93b	56187386-a05f-4f4d-b74b-65cb1afdeab5	Dany	delivered	whatsapp	Para las 19hs las viene a retirar	31500	0	31500	t	2026-05-08 04:02:01.213857+00	2026-05-08 23:39:00.455+00	2026-05-08 03:00:00+00	cash	t	3585619941	\N	tarde
\.


--
-- Data for Name: products; Type: TABLE DATA; Schema: public; Owner: -
--

COPY public.products (id, category_id, name, description, kind, unit_price, half_dozen_price, dozen_price, direct_cost, is_active, created_at, updated_at) FROM stdin;
dfa6870a-c1c9-4df2-8b63-2c31e2123b0a	8e47b194-6039-4a31-9adc-a8441d296fbd	Jamón y Queso	Empanada de jamón y mozzarella	prepared	1200	7500	14000	\N	t	2026-03-17 17:18:42.749496+00	2026-03-17 17:18:55.234+00
c6b463d1-caf5-4469-84ff-4f510886bc64	8e47b194-6039-4a31-9adc-a8441d296fbd	Humita	\N	prepared	1400	8000	15000	\N	t	2026-03-18 04:40:49.121414+00	2026-03-18 04:40:49.121414+00
7ed421bc-a864-4316-ad3b-ed0106ba81ac	9361fa28-92fd-475f-977f-299fd33a3fb8	Atún	\N	prepared	1500	8000	15000	\N	t	2026-04-02 01:45:53.529276+00	2026-04-02 01:45:53.529276+00
01551ba9-ce70-471c-b3c9-e1ec57202ca1	8e47b194-6039-4a31-9adc-a8441d296fbd	Criolla dulce	Empanada agridulce de carne	prepared	1400	8000	15500	\N	t	2026-03-17 02:39:53.635088+00	2026-04-09 22:22:59.784+00
186f546e-2e29-4953-ac60-54f56e466703	9361fa28-92fd-475f-977f-299fd33a3fb8	Hongos	\N	prepared	1400	7500	15500	\N	t	2026-03-18 04:36:25.373364+00	2026-04-09 22:23:11.951+00
b79541a1-4e87-4cd2-9dbf-e4e1eda6d266	8e47b194-6039-4a31-9adc-a8441d296fbd	Salteña	Empanada estilo salteña con carne cortada a cuchillo	prepared	1500	8000	16000	\N	t	2026-03-16 17:50:45.655342+00	2026-04-09 22:23:20.706+00
9c409d80-9537-411f-80a5-bd7a0e4c62ea	8e47b194-6039-4a31-9adc-a8441d296fbd	Criolla Salada	\N	prepared	1500	8000	15500	\N	t	2026-04-09 22:23:41.710095+00	2026-04-09 22:23:41.710095+00
8b90b53f-8c38-4064-a515-2cee69ac7c80	8e47b194-6039-4a31-9adc-a8441d296fbd	Caprese	\N	prepared	1500	8000	1500	\N	t	2026-04-22 15:56:44.243539+00	2026-04-22 15:56:44.243539+00
\.


--
-- Data for Name: purchases; Type: TABLE DATA; Schema: public; Owner: -
--

COPY public.purchases (id, date, type, ingredient_id, name_snapshot, quantity, unit, unit_price, total_amount, supplier, notes, created_at, updated_at) FROM stdin;
ccd5b462-9c0d-4689-82af-503bc8bc2f1a	2026-03-19	ingredient	746b4cb6-858f-4082-95cb-8e45de0e72e6	Roast Beef	2	kg	15000	30000	El Paisa	\N	2026-03-20 18:35:06.131347+00	2026-03-20 18:41:33.399+00
fb728de4-7da4-4d39-a11a-5f34db27c8f6	2026-03-20	ingredient	e542cf13-4ada-4516-b857-b2d0f4ed1c1f	Mozzarella	3.9	kg	8160	31824	SUC. ALBERTO BOMONE	\N	2026-03-21 21:51:40.458874+00	2026-03-21 21:51:40.458874+00
e8de25d7-77da-4025-bc81-b9f14c03a6cf	2026-03-18	ingredient	1e481ce3-4fe9-4d1d-827f-23b547b724ac	Tapas de empanadas (x12)	24	unit	1451	34824	LOS OLMOS	Caja cerrada	2026-03-21 21:57:16.119337+00	2026-03-21 21:57:16.119337+00
32180539-bfe1-4f28-8ef0-317a71782fa0	2026-03-18	ingredient	26cdc5e8-0001-43d9-be87-35cc4e81ef60	Pimentón	1	kg	6448	6448	LOS OLMOS	Precio mayorista 1kg	2026-03-21 21:57:52.685447+00	2026-03-21 21:57:52.685447+00
c0c5412a-8c57-4ebe-aa1f-921a87613874	2026-03-18	ingredient	a016440d-dc84-478b-88d5-1f84bfbfddd9	Comino	1	kg	7700	7700	LOS OLMOS	Precio mayorista 1kg	2026-03-21 21:58:07.431928+00	2026-03-21 21:58:07.431928+00
c8e078b4-40d7-4d28-a995-6b6a2cb3745b	2026-03-20	ingredient	83d8bf33-978d-4308-a285-77e7d3c4c37f	Zapallo	1.1	kg	1700	1887	EL ABASTO TITO ANDRADA	BV. ASCASUBI 101	2026-03-22 14:30:36.871831+00	2026-03-22 14:30:36.871831+00
b3800fef-79d1-4ac8-846b-a29589874787	2026-03-22	ingredient	1d7694fe-6f81-4b3f-8521-9616363c05e9	Choclo	6	unit	900	5400	EL ABASTO TITO ANDRADA	BV. ASCASUBI 101	2026-03-22 14:31:02.763047+00	2026-03-22 14:31:02.763047+00
0747208f-bcac-42ef-9c9c-2e515152de2d	2026-03-22	ingredient	d8ef6d68-28ee-4029-82be-5268952ab73c	Champiñones	3	unit	3500	10500	EL ABASTO TITO	Bandejas de 200gr	2026-03-22 14:31:23.649045+00	2026-03-22 14:31:23.649045+00
de9e1372-7fa6-4619-9fdf-b0a3930218b8	2026-03-22	ingredient	9d73ec72-12d2-4837-a41c-d458a1baa90e	Tomate Perita	1.11	kg	2500	2725	NATURAL MENDOZA	\N	2026-03-22 14:32:14.360081+00	2026-03-22 14:32:14.360081+00
bb5c0c4d-4c66-4c67-93e2-22a101bcbba8	2026-03-22	ingredient	1e54b9f2-27e2-4351-84b0-4df724967c80	Papa	3.4	kg	1200	4080	NATURAL MENDOZA	\N	2026-03-22 14:32:41.472667+00	2026-03-22 14:32:41.472667+00
2e3d8c05-2b8e-4f0f-b1a0-020682538d1d	2026-03-22	ingredient	667075be-ccfd-477d-8290-447efcb421b5	Cebolla de Verdeo	0.42	kg	8000	3360	NATURAL MENDOZA	\N	2026-03-22 14:33:02.505275+00	2026-03-22 14:33:02.505275+00
7f6b2125-d185-4082-a6cc-aa2ca785ffde	2026-03-22	ingredient	b90b4aae-212a-42fb-a8ff-2b46f766f481	Puerro	0.3	kg	8000	2400	NATURAL MENDOZA	\N	2026-03-22 14:33:22.577376+00	2026-03-22 14:33:22.577376+00
cd1f8098-fdc7-4080-8c2d-fb84219c8c1b	2026-03-22	ingredient	bdf9cc5d-97b1-455e-af24-809ff518d776	Pimiento Rojo	0.28	kg	3500	997	NATURAL MENDOZA	\N	2026-03-22 14:33:58.194656+00	2026-03-22 14:33:58.194656+00
0ddcc4a2-0589-4ccf-8dac-a5fcf54e7976	2026-03-22	ingredient	b851bf49-5cfd-4523-81bd-0a4c08726bd2	Huevos (unitario)	60	unit	250	15000	Facebook	\N	2026-03-22 14:35:20.738814+00	2026-03-22 14:35:20.738814+00
555e4071-cb18-4805-8147-8f7674be3bff	2026-03-20	ingredient	1d75cf84-90c5-46f0-aef3-0ab521677f01	Marucha deshuesada	4	kg	16000	64000	El Paisa	\N	2026-03-22 14:36:09.524077+00	2026-03-22 14:36:09.524077+00
217977d6-185f-4e21-b9d2-38d4820082d4	2026-03-19	operational	\N	Caja de delivery	\N	\N	\N	29000	PLA Descartables	\N	2026-03-22 17:52:41.819373+00	2026-03-22 17:52:41.819373+00
69505560-ebe6-41df-9b61-de0d475b51f7	2026-03-20	ingredient	9b3627dd-2731-4425-9f38-a6ea60b8b3f0	Aceitunas	0.4	kg	10000	4000	Mi Argentina	\N	2026-03-22 18:53:15.454471+00	2026-03-22 18:53:15.454471+00
ef87dd66-3e35-4e0f-884e-932f0cbafe9a	2026-03-28	ingredient	e542cf13-4ada-4516-b857-b2d0f4ed1c1f	Mozzarella Lombarde	3.95	kg	8160	32232	Bomone	\N	2026-04-02 01:36:51.252919+00	2026-04-02 01:36:51.252919+00
630a6826-8fc3-48af-b6cc-4537236c9368	2026-04-01	ingredient	1e481ce3-4fe9-4d1d-827f-23b547b724ac	Tapas de empanadas (x12)	30	unit	1451	43530	Los olmos	\N	2026-04-02 01:37:35.228018+00	2026-04-02 01:37:35.228018+00
e5f7b195-049f-46e0-b9f2-728d7a91c850	2026-04-01	ingredient	a7324d72-c5e0-48bc-866d-6863ea05711b	Pasas de uvas	1	kg	7396	7396	Los olmos	\N	2026-04-02 01:38:08.848824+00	2026-04-02 01:38:08.848824+00
6987e272-fe69-43a4-abbf-19a2bebe20ca	2026-04-01	ingredient	282be160-62c1-4858-870d-385c062a11fb	Champiñones en Lata	0.5	kg	11000	5500	Los olmos	\N	2026-04-02 01:40:42.581025+00	2026-04-02 01:40:42.581025+00
b6f237c3-e5dd-4ada-8ce5-4bab8de7c231	2026-04-01	ingredient	9b3627dd-2731-4425-9f38-a6ea60b8b3f0	Aceitunas	0.41	kg	10500	4305	Mi Argentina	\N	2026-04-02 01:41:20.017163+00	2026-04-02 01:41:20.017163+00
3184295c-b9d2-4953-a395-fa5531fc5e8b	2026-04-01	ingredient	0be236ff-8db0-4ee9-a8e1-70a362150b3f	Paleta Jamonada	4	kg	7500	30000	Mi Argentina	\N	2026-04-02 01:41:56.617961+00	2026-04-02 01:41:56.617961+00
3f75943a-21f7-41c6-ba4f-3c2341976ede	2026-04-01	ingredient	bdf9cc5d-97b1-455e-af24-809ff518d776	Pimiento Rojo	0.17	kg	3500	595	Fruver	\N	2026-04-02 01:42:31.642712+00	2026-04-02 01:42:31.642712+00
ffd4a42c-6a4f-4caf-b4e1-dabb2561d748	2026-04-01	ingredient	667075be-ccfd-477d-8290-447efcb421b5	Cebolla de Verdeo	0.25	kg	9000	2250	Fruver	\N	2026-04-02 01:42:54.957166+00	2026-04-02 01:42:54.957166+00
2e598fc5-4654-4eaf-bca4-643d2b076821	2026-04-01	ingredient	b851bf49-5cfd-4523-81bd-0a4c08726bd2	Huevos (unitario)	60	unit	250	15000	Facebook	\N	2026-04-02 01:43:28.420572+00	2026-04-02 01:43:28.420572+00
97880cd5-f943-4a6e-b9b7-f8ad47213428	2026-04-01	ingredient	746b4cb6-858f-4082-95cb-8e45de0e72e6	Roast Beef	2	kg	15000	30000	\N	\N	2026-04-02 01:43:52.101298+00	2026-04-02 01:43:52.101298+00
d68ded14-f420-4b8b-974a-5cf13d050f21	2026-04-01	ingredient	1d75cf84-90c5-46f0-aef3-0ab521677f01	Marucha deshuesada	2	kg	16000	32000	\N	\N	2026-04-02 01:44:05.077068+00	2026-04-02 01:44:05.077068+00
dbf944e5-03fd-4a8b-a226-7612be8c702d	2026-04-03	ingredient	e542cf13-4ada-4516-b857-b2d0f4ed1c1f	Mozzarella Lombarde	3.95	kg	8160	32232	Lucy Lopez	\N	2026-04-03 16:15:36.227792+00	2026-04-03 16:15:36.227792+00
92ab93c3-4ec5-41b2-8dc5-2bfc8e9ab4af	2026-04-03	ingredient	1e481ce3-4fe9-4d1d-827f-23b547b724ac	Tapas de empanadas (x12)	30	unit	1451	43530	Los olmos	\N	2026-04-03 16:17:33.145934+00	2026-04-03 16:17:33.145934+00
ed3ad0ba-7088-46f7-a58c-8db1fff4db6e	2026-04-03	ingredient	b851bf49-5cfd-4523-81bd-0a4c08726bd2	Huevos (unitario)	30	unit	210	6300	Los olmos	\N	2026-04-03 16:18:09.784533+00	2026-04-03 16:18:09.784533+00
847dc0dc-f0ad-499f-89a1-4b39c8d0e1c7	2026-04-03	ingredient	1d7694fe-6f81-4b3f-8521-9616363c05e9	Choclo	19	unit	900	17100	FRUVER	\N	2026-04-03 16:18:41.047515+00	2026-04-03 16:19:05.489+00
21146946-31e5-43dd-ac02-2ac1edf87600	2026-04-03	ingredient	83d8bf33-978d-4308-a285-77e7d3c4c37f	Zapallo	1	kg	1700	1700	\N	\N	2026-04-03 16:19:43.906898+00	2026-04-03 16:19:43.906898+00
66ef1d53-1d0c-47a4-b764-f6665f4b6372	2026-04-03	ingredient	b90b4aae-212a-42fb-a8ff-2b46f766f481	Puerro	0.3	kg	8000	2400	\N	\N	2026-04-03 16:19:52.926929+00	2026-04-03 16:19:52.926929+00
7527d81f-a7ac-4953-b4c7-c0270fb4c1a0	2026-04-03	ingredient	576fab02-2296-4b82-b564-ca4622714a23	Lata Atún	10	unit	1500	15000	CHINOS	\N	2026-04-03 16:20:40.683055+00	2026-04-03 16:20:47.446+00
f720a7e8-a307-463e-9b2a-1492e16040dc	2026-04-03	ingredient	c47125ea-89fd-44fe-8f97-2eccfaafd354	Lata Atún Premium	4	unit	2800	11200	\N	\N	2026-04-03 16:20:58.92116+00	2026-04-03 16:20:58.92116+00
bcfa8f6f-ff43-4f44-b7c7-53177e13262b	2026-04-03	ingredient	d8ef6d68-28ee-4029-82be-5268952ab73c	Champiñones	6	unit	3500	21000	\N	\N	2026-04-03 16:22:09.538604+00	2026-04-03 16:22:32.334+00
\.


--
-- Data for Name: recipe_items; Type: TABLE DATA; Schema: public; Owner: -
--

COPY public.recipe_items (id, recipe_id, ingredient_id, quantity, unit, created_at, updated_at) FROM stdin;
f6032742-b5ef-445b-9e39-ab8f134bebd9	b977343b-aafa-414c-9770-a99aa94721e8	bfc2cfc4-1205-45ee-8c1e-7e2b8f726170	100	g	2026-04-09 22:25:06.591005+00	2026-04-09 22:25:06.591005+00
d2b8de97-b4f7-462f-93e7-8f2662b90381	da658a29-57e0-4f2d-8607-42e4fc1e2d06	1e481ce3-4fe9-4d1d-827f-23b547b724ac	1	unit	2026-03-17 14:38:39.421151+00	2026-03-17 14:38:39.421151+00
bab71e35-c3c5-4903-b248-fd19701dd5fe	71b6970c-c1b4-4111-8d3b-c7c959f1ea97	1e481ce3-4fe9-4d1d-827f-23b547b724ac	1	unit	2026-03-17 14:39:00.932544+00	2026-03-17 14:39:00.932544+00
ad8336a5-62b5-47ed-bebf-1e6d28448729	71b6970c-c1b4-4111-8d3b-c7c959f1ea97	bfc2cfc4-1205-45ee-8c1e-7e2b8f726170	250	g	2026-03-17 14:39:11.750587+00	2026-03-17 14:39:11.750587+00
2181c1d7-16cb-430a-942d-850d9e0d6a36	71b6970c-c1b4-4111-8d3b-c7c959f1ea97	d64050ac-1ac3-45a2-b6da-d3ff1db3d02d	400	g	2026-03-17 14:39:16.488874+00	2026-03-17 14:39:16.488874+00
d21d92e1-d2bc-401b-8f3d-6a76bb124aac	a78b49e8-2b49-49d9-b4ce-3418e75a0cb8	1e481ce3-4fe9-4d1d-827f-23b547b724ac	1	unit	2026-03-17 19:37:02.66419+00	2026-03-17 19:37:02.66419+00
a7833338-f761-41b9-b3cd-82446d3c904e	3badcea9-fdc7-46af-90d7-0e076dd5c67b	1e481ce3-4fe9-4d1d-827f-23b547b724ac	1	unit	2026-04-22 15:57:05.466409+00	2026-04-22 15:57:05.466409+00
2a221269-6f97-4664-8ad1-e4d5672b0653	624083e5-f432-4ef7-9715-9888f8411137	1e481ce3-4fe9-4d1d-827f-23b547b724ac	1	unit	2026-03-18 04:37:34.521393+00	2026-03-18 04:37:34.521393+00
95f02c95-6f0e-49ee-aa9e-491b7154e84b	0345ded4-1cf1-4b50-8b39-80957b966a52	1e481ce3-4fe9-4d1d-827f-23b547b724ac	1	unit	2026-03-18 04:40:59.100186+00	2026-03-18 04:40:59.100186+00
755c6d77-76b8-4137-ac85-ceb26a2460e9	da658a29-57e0-4f2d-8607-42e4fc1e2d06	667075be-ccfd-477d-8290-447efcb421b5	150	g	2026-03-22 18:48:49.733041+00	2026-03-22 18:48:49.733041+00
c7552706-1d5f-4151-bbb9-76c091bf38e0	da658a29-57e0-4f2d-8607-42e4fc1e2d06	a6698fbc-7fce-4dc9-b740-5aa8ad5fc593	1	unit	2026-03-22 18:48:57.947579+00	2026-03-22 18:49:03.864+00
027fbdbd-d99e-4bdd-9bb3-5012f6d1c973	da658a29-57e0-4f2d-8607-42e4fc1e2d06	d64050ac-1ac3-45a2-b6da-d3ff1db3d02d	400	g	2026-03-17 04:06:45.726832+00	2026-03-22 18:49:21.252+00
653fe4fc-3d4a-44ce-b230-983bb989a631	da658a29-57e0-4f2d-8607-42e4fc1e2d06	1d75cf84-90c5-46f0-aef3-0ab521677f01	350	g	2026-03-17 04:06:40.884479+00	2026-03-22 18:49:34.266+00
c834b1e7-ba20-419a-8b4d-b2862145a25a	da658a29-57e0-4f2d-8607-42e4fc1e2d06	bfc2cfc4-1205-45ee-8c1e-7e2b8f726170	250	g	2026-03-17 14:38:50.580953+00	2026-03-22 18:49:48.348+00
b59a3d21-0e9d-4687-90f2-0f186708311b	da658a29-57e0-4f2d-8607-42e4fc1e2d06	1e54b9f2-27e2-4351-84b0-4df724967c80	300	g	2026-03-22 18:50:33.432034+00	2026-03-22 18:50:33.432034+00
5df25cf5-9c6c-4bac-b703-b75ebde3c2f9	da658a29-57e0-4f2d-8607-42e4fc1e2d06	b851bf49-5cfd-4523-81bd-0a4c08726bd2	3	unit	2026-03-22 18:50:53.377374+00	2026-03-22 18:50:53.377374+00
fa73c99d-7ed7-4328-8d98-7fb283a765c2	da658a29-57e0-4f2d-8607-42e4fc1e2d06	bdf9cc5d-97b1-455e-af24-809ff518d776	20	g	2026-03-22 18:51:37.448728+00	2026-03-22 18:51:37.448728+00
2d9f9ef4-875f-4aba-92ca-a3b474190e1e	da658a29-57e0-4f2d-8607-42e4fc1e2d06	a016440d-dc84-478b-88d5-1f84bfbfddd9	10	g	2026-03-22 18:51:44.673399+00	2026-03-22 18:51:44.673399+00
7e7eb047-a956-4e05-bdb7-4ef5072674ef	71b6970c-c1b4-4111-8d3b-c7c959f1ea97	746b4cb6-858f-4082-95cb-8e45de0e72e6	350	g	2026-03-17 14:39:06.268422+00	2026-03-22 18:52:05.69+00
019d184e-efb0-4d71-a568-fffa827320e5	71b6970c-c1b4-4111-8d3b-c7c959f1ea97	a6698fbc-7fce-4dc9-b740-5aa8ad5fc593	1	unit	2026-03-22 18:52:10.652795+00	2026-03-22 18:52:10.652795+00
1b78916e-71f8-4f84-a83d-35f914e164e9	71b6970c-c1b4-4111-8d3b-c7c959f1ea97	26cdc5e8-0001-43d9-be87-35cc4e81ef60	20	g	2026-03-22 18:52:23.067817+00	2026-03-22 18:52:23.067817+00
f89e5db1-7f16-4c5c-b8ce-4e7134607a56	71b6970c-c1b4-4111-8d3b-c7c959f1ea97	b851bf49-5cfd-4523-81bd-0a4c08726bd2	4	unit	2026-03-22 18:52:40.505863+00	2026-03-22 18:52:40.505863+00
e8e7bd76-95f3-4a3c-8dfb-dbc4f43741bf	71b6970c-c1b4-4111-8d3b-c7c959f1ea97	9b3627dd-2731-4425-9f38-a6ea60b8b3f0	80	g	2026-03-22 18:53:40.030084+00	2026-03-22 18:53:40.030084+00
8e2f0ea0-a7df-47fc-bdae-2e7400a7d17d	71b6970c-c1b4-4111-8d3b-c7c959f1ea97	a016440d-dc84-478b-88d5-1f84bfbfddd9	10	g	2026-03-22 18:53:49.10781+00	2026-03-22 18:53:49.10781+00
761cdc0f-2cd6-4a3d-808d-f9cc09d98038	71b6970c-c1b4-4111-8d3b-c7c959f1ea97	a7324d72-c5e0-48bc-866d-6863ea05711b	80	g	2026-03-22 18:54:18.005758+00	2026-03-22 18:54:18.005758+00
8cc73ecc-ad8e-45b8-86c4-c9aaeddcf37b	624083e5-f432-4ef7-9715-9888f8411137	d8ef6d68-28ee-4029-82be-5268952ab73c	1	unit	2026-03-22 18:55:46.83733+00	2026-03-22 18:55:46.83733+00
b53e07f2-d96b-49a6-911f-5c6e3b55ee51	624083e5-f432-4ef7-9715-9888f8411137	d64050ac-1ac3-45a2-b6da-d3ff1db3d02d	200	g	2026-03-22 18:55:58.698094+00	2026-03-22 18:55:58.698094+00
6f7421f7-9b19-4801-a727-f401363576b9	624083e5-f432-4ef7-9715-9888f8411137	b90b4aae-212a-42fb-a8ff-2b46f766f481	50	g	2026-03-22 18:56:12.499739+00	2026-03-22 18:56:12.499739+00
b7b3afc2-c8b8-4902-afcc-f1bab5d9c25b	624083e5-f432-4ef7-9715-9888f8411137	e542cf13-4ada-4516-b857-b2d0f4ed1c1f	200	g	2026-03-22 18:56:25.458772+00	2026-03-22 18:56:25.458772+00
9ff80122-515d-424e-a876-8d21584f82ee	624083e5-f432-4ef7-9715-9888f8411137	6bd30755-fb93-436d-b518-c0c9d30de151	100	g	2026-03-22 18:57:09.74568+00	2026-03-22 18:57:09.74568+00
e0d6c406-af0b-430a-91d0-f6795a6d0fab	624083e5-f432-4ef7-9715-9888f8411137	a016440d-dc84-478b-88d5-1f84bfbfddd9	15	g	2026-03-22 18:57:23.017813+00	2026-03-22 18:57:23.017813+00
222b6587-7dbd-4c57-bfc6-018c4ce18755	624083e5-f432-4ef7-9715-9888f8411137	a6698fbc-7fce-4dc9-b740-5aa8ad5fc593	1	unit	2026-03-22 18:57:39.80109+00	2026-03-22 18:57:39.80109+00
afe4fb68-213a-46f9-ba00-e92794f9a3e0	a78b49e8-2b49-49d9-b4ce-3418e75a0cb8	a6698fbc-7fce-4dc9-b740-5aa8ad5fc593	1	unit	2026-03-22 18:57:49.208713+00	2026-03-22 18:57:49.208713+00
47bcc8d1-4252-4c16-aaa0-8491aabf285b	a78b49e8-2b49-49d9-b4ce-3418e75a0cb8	e542cf13-4ada-4516-b857-b2d0f4ed1c1f	300	g	2026-03-22 18:58:01.757685+00	2026-03-22 18:58:01.757685+00
8e9c80ba-b325-489d-9d53-2b34acb88f2b	a78b49e8-2b49-49d9-b4ce-3418e75a0cb8	0be236ff-8db0-4ee9-a8e1-70a362150b3f	400	g	2026-03-22 18:58:53.71831+00	2026-03-22 18:59:02.643+00
be36369c-dcbf-460a-9f59-4989981cdfb4	0345ded4-1cf1-4b50-8b39-80957b966a52	a6698fbc-7fce-4dc9-b740-5aa8ad5fc593	1	unit	2026-03-22 19:00:09.21828+00	2026-03-22 19:00:09.21828+00
c0b848ff-f6ac-461c-b6c1-d22b4d9ca744	0345ded4-1cf1-4b50-8b39-80957b966a52	1d7694fe-6f81-4b3f-8521-9616363c05e9	2	unit	2026-03-22 19:00:20.577057+00	2026-03-22 19:00:20.577057+00
43bdcf1a-cf7c-43c9-902b-6772fb3c9d82	0345ded4-1cf1-4b50-8b39-80957b966a52	83d8bf33-978d-4308-a285-77e7d3c4c37f	300	g	2026-03-22 19:00:47.096779+00	2026-03-22 19:00:47.096779+00
27426521-285c-48e3-81ed-ea1d10bd118e	0345ded4-1cf1-4b50-8b39-80957b966a52	bdf9cc5d-97b1-455e-af24-809ff518d776	100	g	2026-03-22 19:01:01.356633+00	2026-03-22 19:01:08.306+00
e34fea8f-c008-48cf-bcc9-fc0f331ce2eb	0345ded4-1cf1-4b50-8b39-80957b966a52	26cdc5e8-0001-43d9-be87-35cc4e81ef60	10	g	2026-03-22 19:01:24.087331+00	2026-03-22 19:01:24.087331+00
98e1ee3b-9020-4d68-9add-5a95070a92d5	0345ded4-1cf1-4b50-8b39-80957b966a52	e542cf13-4ada-4516-b857-b2d0f4ed1c1f	200	g	2026-03-22 19:02:07.480774+00	2026-03-22 19:02:07.480774+00
8bf42074-553e-427d-bf9f-ff48045c61b1	b71042fd-87c5-4c45-9384-cef3b3c66fec	1e481ce3-4fe9-4d1d-827f-23b547b724ac	1	unit	2026-04-02 01:46:10.523178+00	2026-04-02 01:46:10.523178+00
84a920d5-4fb8-435a-a5ca-b4b00743e17d	b71042fd-87c5-4c45-9384-cef3b3c66fec	576fab02-2296-4b82-b564-ca4622714a23	2	unit	2026-04-02 01:46:25.700542+00	2026-04-02 01:46:25.700542+00
0a7f7817-e988-45e1-af63-105a4a5e14fa	b71042fd-87c5-4c45-9384-cef3b3c66fec	b851bf49-5cfd-4523-81bd-0a4c08726bd2	3	unit	2026-04-02 01:46:35.142641+00	2026-04-02 01:46:35.142641+00
0ede20a8-074f-489d-9622-6a48cf983737	b71042fd-87c5-4c45-9384-cef3b3c66fec	d64050ac-1ac3-45a2-b6da-d3ff1db3d02d	200	g	2026-04-02 01:46:44.399599+00	2026-04-02 01:46:44.399599+00
2a196bbb-bbea-4a43-9c53-754e8fa91af0	b71042fd-87c5-4c45-9384-cef3b3c66fec	bdf9cc5d-97b1-455e-af24-809ff518d776	100	g	2026-04-02 01:46:53.645783+00	2026-04-02 01:46:53.645783+00
dc05ef70-7f4c-4d62-8f2f-cd0d177507d8	b977343b-aafa-414c-9770-a99aa94721e8	b851bf49-5cfd-4523-81bd-0a4c08726bd2	4	unit	2026-04-09 22:24:03.885685+00	2026-04-09 22:24:03.885685+00
6e554632-9648-4c18-969f-e7f44ff0d25e	b977343b-aafa-414c-9770-a99aa94721e8	1e481ce3-4fe9-4d1d-827f-23b547b724ac	1	unit	2026-04-09 22:24:08.251242+00	2026-04-09 22:24:08.251242+00
6551c374-d325-42cd-9df7-bc5e9ad09591	b977343b-aafa-414c-9770-a99aa94721e8	746b4cb6-858f-4082-95cb-8e45de0e72e6	300	g	2026-04-09 22:24:14.457017+00	2026-04-09 22:24:14.457017+00
b3662caa-5cdb-4b66-abdf-a025ce07ee01	b977343b-aafa-414c-9770-a99aa94721e8	d64050ac-1ac3-45a2-b6da-d3ff1db3d02d	300	g	2026-04-09 22:24:22.461471+00	2026-04-09 22:24:22.461471+00
2bcd18cd-1382-4f37-a56f-d14653d86179	b977343b-aafa-414c-9770-a99aa94721e8	9b3627dd-2731-4425-9f38-a6ea60b8b3f0	50	g	2026-04-09 22:24:35.018229+00	2026-04-09 22:24:35.018229+00
c73b9b69-44cf-4d0a-beff-6284de3b1802	b977343b-aafa-414c-9770-a99aa94721e8	a6698fbc-7fce-4dc9-b740-5aa8ad5fc593	1	unit	2026-04-09 22:24:45.000631+00	2026-04-09 22:24:45.000631+00
e57ce3ee-7d81-4bed-aef5-b6a276d3d2a7	b977343b-aafa-414c-9770-a99aa94721e8	a016440d-dc84-478b-88d5-1f84bfbfddd9	20	g	2026-04-09 22:24:51.167185+00	2026-04-09 22:24:51.167185+00
995d6046-e401-4a53-8f24-9111bb780dfc	b977343b-aafa-414c-9770-a99aa94721e8	26cdc5e8-0001-43d9-be87-35cc4e81ef60	20	g	2026-04-09 22:24:57.866108+00	2026-04-09 22:24:57.866108+00
f77bb6f8-ef02-4133-a1ff-a9d280b31cc3	3badcea9-fdc7-46af-90d7-0e076dd5c67b	b851bf49-5cfd-4523-81bd-0a4c08726bd2	2	unit	2026-04-22 15:57:23.833124+00	2026-04-22 15:57:23.833124+00
b2833b79-6647-4acf-8c05-3245af67ab08	3badcea9-fdc7-46af-90d7-0e076dd5c67b	e542cf13-4ada-4516-b857-b2d0f4ed1c1f	200	g	2026-04-22 15:57:31.313362+00	2026-04-22 15:57:31.313362+00
3367bf83-e52d-42e9-9b75-b5552eed6777	3badcea9-fdc7-46af-90d7-0e076dd5c67b	9d73ec72-12d2-4837-a41c-d458a1baa90e	300	g	2026-04-22 15:57:15.212753+00	2026-04-22 15:57:35.619+00
\.


--
-- Data for Name: recipes; Type: TABLE DATA; Schema: public; Owner: -
--

COPY public.recipes (id, product_id, yield_quantity, notes, is_active, created_at, updated_at) FROM stdin;
71b6970c-c1b4-4111-8d3b-c7c959f1ea97	01551ba9-ce70-471c-b3c9-e1ec57202ca1	12	\N	t	2026-03-17 14:38:27.128107+00	2026-03-17 14:38:27.128107+00
da658a29-57e0-4f2d-8607-42e4fc1e2d06	b79541a1-4e87-4cd2-9dbf-e4e1eda6d266	12		t	2026-03-17 04:06:20.497087+00	2026-03-17 19:35:17.639+00
a78b49e8-2b49-49d9-b4ce-3418e75a0cb8	dfa6870a-c1c9-4df2-8b63-2c31e2123b0a	12	\N	t	2026-03-17 19:36:54.182546+00	2026-03-17 19:56:08.393+00
624083e5-f432-4ef7-9715-9888f8411137	186f546e-2e29-4953-ac60-54f56e466703	12	\N	t	2026-03-18 04:36:33.062312+00	2026-03-18 04:36:33.062312+00
0345ded4-1cf1-4b50-8b39-80957b966a52	c6b463d1-caf5-4469-84ff-4f510886bc64	12	\N	t	2026-03-18 04:40:54.061139+00	2026-03-18 04:40:54.061139+00
b71042fd-87c5-4c45-9384-cef3b3c66fec	7ed421bc-a864-4316-ad3b-ed0106ba81ac	12	\N	t	2026-04-02 01:46:04.886657+00	2026-04-02 01:46:04.886657+00
b977343b-aafa-414c-9770-a99aa94721e8	9c409d80-9537-411f-80a5-bd7a0e4c62ea	12	\N	t	2026-04-09 22:23:54.791838+00	2026-04-09 22:23:54.791838+00
3badcea9-fdc7-46af-90d7-0e076dd5c67b	8b90b53f-8c38-4064-a515-2cee69ac7c80	12	\N	t	2026-04-22 15:56:57.34959+00	2026-04-22 15:56:57.34959+00
\.


--
-- Data for Name: weekly_closures; Type: TABLE DATA; Schema: public; Owner: -
--

COPY public.weekly_closures (id, name, start_date, end_date, status, notes, snapshot, created_at, updated_at, closed_at) FROM stdin;
3026a2da-8873-45f8-b800-66eb67070f00		2026-03-26 03:01:00+00	2026-04-01 02:59:00+00	closed		{"totalOrders":10,"totalDeliveredOrders":10,"confirmedOrders":0,"preparedOrders":0,"cancelledOrders":0,"totalUnits":138,"totalDozens":11.5,"grossRevenue":171500,"totalDiscounts":4500,"totalPurchases":202808,"totalIngredientPurchases":202808,"totalOperationalPurchases":0,"totalInvestmentPurchases":0,"estimatedProfit":-31308,"averageTicket":17150,"topVarieties":[{"name":"Salteña","quantity":54},{"name":"Criolla dulce","quantity":30},{"name":"Jamón y Queso","quantity":18},{"name":"Hongos","quantity":18},{"name":"Humita","quantity":18}],"breakdownByStatus":{"pending":0,"confirmed":0,"prepared":0,"delivered":10,"cancelled":0},"breakdownByPurchaseType":{"ingredient":202808},"breakdownByChannel":{"whatsapp":10},"breakdownByVariety":{"Salteña":54,"Criolla dulce":30,"Jamón y Queso":18,"Hongos":18,"Humita":18}}	2026-04-03 16:25:18.448964+00	2026-04-03 16:25:27.184+00	2026-04-03 16:25:27.184+00
e3d14a66-a1bc-45e0-9b17-671be7cdf6d0	Semana Santa	2026-04-01 03:01:00+00	2026-04-07 02:59:00+00	closed		{"totalOrders":22,"totalDeliveredOrders":21,"confirmedOrders":1,"preparedOrders":0,"cancelledOrders":0,"totalUnits":378,"totalDozens":31.5,"grossRevenue":449000,"totalDiscounts":43800,"totalPurchases":150462,"totalIngredientPurchases":150462,"totalOperationalPurchases":0,"totalInvestmentPurchases":0,"estimatedProfit":298538,"averageTicket":21380.95238095238,"topVarieties":[{"name":"Atún","quantity":92},{"name":"Humita","quantity":81},{"name":"Salteña","quantity":78},{"name":"Hongos","quantity":54},{"name":"Jamón y Queso","quantity":45},{"name":"Criolla dulce","quantity":28}],"breakdownByStatus":{"pending":0,"confirmed":1,"prepared":0,"delivered":21,"cancelled":0},"breakdownByPurchaseType":{"ingredient":150462},"breakdownByChannel":{"whatsapp":22},"breakdownByVariety":{"Criolla dulce":28,"Jamón y Queso":45,"Atún":92,"Hongos":54,"Humita":81,"Salteña":78}}	2026-04-03 16:26:30.239679+00	2026-04-10 03:14:57.074+00	2026-04-10 03:14:57.074+00
4ed83a7e-2537-4f4a-b7a5-02e757e277d4	Semana 4	2026-04-08 15:00:00+00	2026-04-15 15:00:00+00	open		\N	2026-04-10 03:15:24.975888+00	2026-04-10 03:15:24.975888+00	\N
d7317806-693f-4bc8-bbea-aa5ee4013381	Semana 1	2026-03-16 15:00:00+00	2026-03-25 15:00:00+00	closed		{"totalOrders":22,"totalDeliveredOrders":22,"confirmedOrders":0,"preparingOrders":0,"cancelledOrders":0,"totalUnits":350,"totalDozens":29.166666666666668,"grossRevenue":425800,"totalDiscounts":25900,"totalPurchases":254145,"totalIngredientPurchases":225145,"totalOperationalPurchases":29000,"totalInvestmentPurchases":0,"estimatedProfit":171655,"averageTicket":19354.545454545456,"topVarieties":[{"name":"Salteña","quantity":104},{"name":"Criolla dulce","quantity":80},{"name":"Jamón y Queso","quantity":75},{"name":"Hongos","quantity":59},{"name":"Humita","quantity":32}],"breakdownByStatus":{"pending":0,"confirmed":0,"preparing":0,"delivered":22,"cancelled":0},"breakdownByPurchaseType":{"ingredient":225145,"operational":29000},"breakdownByChannel":{"whatsapp":20,"local":2},"breakdownByVariety":{"Jamón y Queso":75,"Humita":32,"Criolla dulce":80,"Salteña":104,"Hongos":59}}	2026-03-25 17:58:08.520579+00	2026-03-25 18:00:13.899+00	2026-03-25 18:00:13.899+00
\.


--
-- Name: __drizzle_migrations_id_seq; Type: SEQUENCE SET; Schema: drizzle; Owner: -
--

SELECT pg_catalog.setval('drizzle.__drizzle_migrations_id_seq', 1, true);


--
-- Name: __drizzle_migrations __drizzle_migrations_pkey; Type: CONSTRAINT; Schema: drizzle; Owner: -
--

ALTER TABLE ONLY drizzle.__drizzle_migrations
    ADD CONSTRAINT __drizzle_migrations_pkey PRIMARY KEY (id);


--
-- Name: categories categories_pkey; Type: CONSTRAINT; Schema: public; Owner: -
--

ALTER TABLE ONLY public.categories
    ADD CONSTRAINT categories_pkey PRIMARY KEY (id);


--
-- Name: clients clients_pkey; Type: CONSTRAINT; Schema: public; Owner: -
--

ALTER TABLE ONLY public.clients
    ADD CONSTRAINT clients_pkey PRIMARY KEY (id);


--
-- Name: ingredients ingredients_pkey; Type: CONSTRAINT; Schema: public; Owner: -
--

ALTER TABLE ONLY public.ingredients
    ADD CONSTRAINT ingredients_pkey PRIMARY KEY (id);


--
-- Name: order_items order_items_pkey; Type: CONSTRAINT; Schema: public; Owner: -
--

ALTER TABLE ONLY public.order_items
    ADD CONSTRAINT order_items_pkey PRIMARY KEY (id);


--
-- Name: orders orders_pkey; Type: CONSTRAINT; Schema: public; Owner: -
--

ALTER TABLE ONLY public.orders
    ADD CONSTRAINT orders_pkey PRIMARY KEY (id);


--
-- Name: products products_pkey; Type: CONSTRAINT; Schema: public; Owner: -
--

ALTER TABLE ONLY public.products
    ADD CONSTRAINT products_pkey PRIMARY KEY (id);


--
-- Name: purchases purchases_pkey; Type: CONSTRAINT; Schema: public; Owner: -
--

ALTER TABLE ONLY public.purchases
    ADD CONSTRAINT purchases_pkey PRIMARY KEY (id);


--
-- Name: recipe_items recipe_items_pkey; Type: CONSTRAINT; Schema: public; Owner: -
--

ALTER TABLE ONLY public.recipe_items
    ADD CONSTRAINT recipe_items_pkey PRIMARY KEY (id);


--
-- Name: recipes recipes_pkey; Type: CONSTRAINT; Schema: public; Owner: -
--

ALTER TABLE ONLY public.recipes
    ADD CONSTRAINT recipes_pkey PRIMARY KEY (id);


--
-- Name: weekly_closures weekly_closures_pkey; Type: CONSTRAINT; Schema: public; Owner: -
--

ALTER TABLE ONLY public.weekly_closures
    ADD CONSTRAINT weekly_closures_pkey PRIMARY KEY (id);


--
-- Name: categories_name_unique_idx; Type: INDEX; Schema: public; Owner: -
--

CREATE UNIQUE INDEX categories_name_unique_idx ON public.categories USING btree (name);


--
-- Name: ingredients_name_unique_idx; Type: INDEX; Schema: public; Owner: -
--

CREATE UNIQUE INDEX ingredients_name_unique_idx ON public.ingredients USING btree (name);


--
-- Name: products_name_unique_idx; Type: INDEX; Schema: public; Owner: -
--

CREATE UNIQUE INDEX products_name_unique_idx ON public.products USING btree (name);


--
-- Name: recipes_product_id_unique_idx; Type: INDEX; Schema: public; Owner: -
--

CREATE UNIQUE INDEX recipes_product_id_unique_idx ON public.recipes USING btree (product_id);


--
-- Name: order_items order_items_order_id_orders_id_fk; Type: FK CONSTRAINT; Schema: public; Owner: -
--

ALTER TABLE ONLY public.order_items
    ADD CONSTRAINT order_items_order_id_orders_id_fk FOREIGN KEY (order_id) REFERENCES public.orders(id);


--
-- Name: order_items order_items_product_id_products_id_fk; Type: FK CONSTRAINT; Schema: public; Owner: -
--

ALTER TABLE ONLY public.order_items
    ADD CONSTRAINT order_items_product_id_products_id_fk FOREIGN KEY (product_id) REFERENCES public.products(id);


--
-- Name: products products_category_id_categories_id_fk; Type: FK CONSTRAINT; Schema: public; Owner: -
--

ALTER TABLE ONLY public.products
    ADD CONSTRAINT products_category_id_categories_id_fk FOREIGN KEY (category_id) REFERENCES public.categories(id);


--
-- Name: purchases purchases_ingredient_id_ingredients_id_fk; Type: FK CONSTRAINT; Schema: public; Owner: -
--

ALTER TABLE ONLY public.purchases
    ADD CONSTRAINT purchases_ingredient_id_ingredients_id_fk FOREIGN KEY (ingredient_id) REFERENCES public.ingredients(id);


--
-- Name: recipe_items recipe_items_ingredient_id_ingredients_id_fk; Type: FK CONSTRAINT; Schema: public; Owner: -
--

ALTER TABLE ONLY public.recipe_items
    ADD CONSTRAINT recipe_items_ingredient_id_ingredients_id_fk FOREIGN KEY (ingredient_id) REFERENCES public.ingredients(id);


--
-- Name: recipe_items recipe_items_recipe_id_recipes_id_fk; Type: FK CONSTRAINT; Schema: public; Owner: -
--

ALTER TABLE ONLY public.recipe_items
    ADD CONSTRAINT recipe_items_recipe_id_recipes_id_fk FOREIGN KEY (recipe_id) REFERENCES public.recipes(id);


--
-- Name: recipes recipes_product_id_products_id_fk; Type: FK CONSTRAINT; Schema: public; Owner: -
--

ALTER TABLE ONLY public.recipes
    ADD CONSTRAINT recipes_product_id_products_id_fk FOREIGN KEY (product_id) REFERENCES public.products(id);


--
-- PostgreSQL database dump complete
--

\unrestrict ibPGg2lGONBJZoaah8YFPzPi5pi59vgDoPmx9X2RsX7X5deN4zRRrprKjNWBPEE

